inventory_id,feature_id,section,scope,parents,tag,id,label,operation,backend_flow,attrs,options,source,line,source_refs,declared_hidden,default_disabled
,F013,03 目录、搜索、分页和阅读偏好,toolbar,"[""toolbar""]",button,btn-toc,目录大纲,点击执行所属流程；禁用/隐藏时不执行,大纲解析和滚动为前端；文件树 /api/list、/api/file,"{""id"": ""btn-toc"", ""class"": ""tb-btn icon"", ""title"": ""目录 (Ctrl+Shift+F)"", ""aria-label"": ""目录"", ""data-i18n-title"": ""sidebar.toc"", ""data-i18n-aria"": ""sidebar.toc""}",[],assets/index.html,35,"[{""file"": ""assets/app.js"", ""lines"": [470]}]",False,False
,F001,01 启动、主页与全局入口,app-titlebar,"[""toolbar""]",button,btn-open,打开 (Ctrl+O),点击执行所属流程；禁用/隐藏时不执行,/api/dialog/choose-file、/api/upload、/api/file；server.rs 文件读取/上传 → content.rs 读取与修正；格式分流见 formats.md,"{""id"": ""btn-open"", ""class"": ""tb-btn icon"", ""title"": ""打开 Markdown 文件 (Ctrl+O)"", ""aria-label"": ""打开文件"", ""data-i18n-title"": ""toolbar.open"", ""data-i18n-aria"": ""toolbar.open""}",[],assets/index.html,38,"[{""file"": ""assets/js/shell/shell.js"", ""lines"": [103]}, {""file"": ""assets/app.js"", ""lines"": [87, 139, 1022]}]",False,False
,F002,01 启动、主页与全局入口,app-titlebar,"[""toolbar""]",button,btn-folder,打开文件夹,点击执行所属流程；禁用/隐藏时不执行,/api/dialog/choose-folder、/api/list；native_dialogs.rs + server.rs h_list,"{""id"": ""btn-folder"", ""class"": ""tb-btn icon"", ""title"": ""打开文件夹"", ""aria-label"": ""打开文件夹"", ""data-i18n-title"": ""toolbar.openFolder"", ""data-i18n-aria"": ""toolbar.openFolder""}",[],assets/index.html,41,"[{""file"": ""assets/js/shell/shell-deferred.js"", ""lines"": [155]}, {""file"": ""assets/js/shell/shell.js"", ""lines"": [103]}, {""file"": ""assets/app.js"", ""lines"": [88, 1202]}]",False,False
,F005,01 启动、主页与全局入口,app-titlebar,"[""toolbar""]",button,btn-recent,最近打开,点击执行所属流程；禁用/隐藏时不执行,/api/recent/status、add、remove、clear；store.rs 存储最近文件，server.rs 调用,"{""id"": ""btn-recent"", ""class"": ""tb-btn icon"", ""title"": ""最近文件"", ""aria-label"": ""最近文件"", ""data-i18n-title"": ""app.recent"", ""data-i18n-aria"": ""app.recent""}",[],assets/index.html,44,"[{""file"": ""assets/js/shell/shell.js"", ""lines"": [103]}, {""file"": ""assets/app.js"", ""lines"": [462]}]",False,False
,F008,01 启动、主页与全局入口,toolbar,"[""toolbar""]",button,btn-reload,刷新列表,点击执行所属流程；禁用/隐藏时不执行,/api/list、/api/file；以最终绑定与状态分支为准,"{""id"": ""btn-reload"", ""class"": ""tb-btn icon"", ""title"": ""重新加载 (Ctrl+R)"", ""aria-label"": ""重新加载"", ""data-i18n-title"": ""sidebar.refresh"", ""data-i18n-aria"": ""sidebar.refresh""}",[],assets/index.html,47,"[{""file"": ""assets/js/core/history.js"", ""lines"": [307]}, {""file"": ""assets/js/reader/render.js"", ""lines"": [3081]}, {""file"": ""assets/app.js"", ""lines"": [463]}]",False,False
,F011,02 多标签、标题和文件管理,toolbar,"[""toolbar""]",button,file-title,当前文档,点击执行所属流程；禁用/隐藏时不执行,/api/rename → server.rs h_rename；路径/名称验证、改名与相关引用处理,"{""id"": ""file-title"", ""class"": ""file-title hidden"", ""type"": ""button"", ""title"": ""当前文件名"", ""aria-label"": ""当前文件名"", ""data-i18n-title"": ""reader.currentDoc"", ""data-i18n-aria"": ""reader.currentDoc"", ""disabled"": null}",[],assets/index.html,50,"[{""file"": ""assets/js/reader/render.js"", ""lines"": [10, 30, 49]}, {""file"": ""assets/app.js"", ""lines"": [461]}]",True,True
,F009,02 多标签、标题和文件管理,toolbar,"[""toolbar"", ""doc-tabs-container"", ""doc-tabs-overflow-wrap""]",button,doc-tabs-overflow-btn,查看被折叠的标签页,点击执行所属流程；禁用/隐藏时不执行,切换主要在内存；实际文档读取 /api/file，脏标签保存 /api/save,"{""id"": ""doc-tabs-overflow-btn"", ""class"": ""doc-tabs-overflow-btn"", ""title"": ""查看被折叠的标签页"", ""data-i18n-title"": ""tabs.overflowTooltip"", ""aria-haspopup"": ""menu"", ""aria-expanded"": ""false""}",[],assets/index.html,54,"[{""file"": ""assets/js/core/dragdrop.js"", ""lines"": [235]}]",False,False
,F096,21 命令面板、快捷键和通用对话框,app-titlebar,"[""toolbar""]",button,btn-palette,命令面板,点击执行所属流程；禁用/隐藏时不执行,复用各具体功能；MRU、搜索与键位显示前端localStorage,"{""id"": ""btn-palette"", ""class"": ""tb-btn icon tb-palette"", ""type"": ""button"", ""title"": ""命令面板 (Ctrl+K)"", ""aria-label"": ""命令面板"", ""aria-haspopup"": ""dialog"", ""aria-keyshortcuts"": ""Control+K Meta+K"", ""data-i18n-title"": ""shell.toolbar.paletteTip"", ""data-i18n-aria"": ""editor.command""}",[],assets/index.html,58,"[{""file"": ""assets/js/shell/shell.js"", ""lines"": [73, 103]}]",False,False
,F078,16 知识图谱和双向链接,toolbar,"[""toolbar""]",button,btn-graph,知识图谱,点击执行所属流程；禁用/隐藏时不执行,/api/links/index、graph → link_indexer.rs + store.rs；力布局/绘图前端,"{""id"": ""btn-graph"", ""class"": ""tb-btn icon hidden"", ""disabled"": null, ""title"": ""知识图谱 (Ctrl+G)"", ""aria-label"": ""知识图谱"", ""data-i18n-title"": ""graph.title"", ""data-i18n-aria"": ""graph.title""}",[],assets/index.html,65,"[{""file"": ""assets/js/core/history.js"", ""lines"": [337, 338, 339, 345, 346, 347]}, {""file"": ""assets/js/features/graph.js"", ""lines"": [756]}, {""file"": ""assets/app.js"", ""lines"": [169, 170]}]",True,True
,F014,03 目录、搜索、分页和阅读偏好,toolbar,"[""toolbar""]",button,btn-search,搜索 (Ctrl+F),点击执行所属流程；禁用/隐藏时不执行,前端处理；不调用业务后端,"{""id"": ""btn-search"", ""class"": ""tb-btn icon"", ""title"": ""搜索 (Ctrl+F)"", ""aria-label"": ""搜索"", ""data-i18n-title"": ""toolbar.search"", ""data-i18n-aria"": ""toolbar.search""}",[],assets/index.html,68,"[{""file"": ""assets/js/core/history.js"", ""lines"": [321, 322]}, {""file"": ""assets/js/reader/search.js"", ""lines"": [268]}, {""file"": ""assets/app.js"", ""lines"": [485]}]",False,False
,F016,03 目录、搜索、分页和阅读偏好,app-titlebar,"[""toolbar""]",button,btn-theme,切换主题,点击执行所属流程；禁用/隐藏时不执行,桌面 /api/settings 持久化主题与字号；浏览器 localStorage,"{""id"": ""btn-theme"", ""class"": ""tb-btn icon"", ""title"": ""切换主题 (Ctrl+D)"", ""aria-label"": ""切换主题""}",[],assets/index.html,71,"[{""file"": ""assets/js/core/settings.js"", ""lines"": [92]}, {""file"": ""assets/js/shell/shell.js"", ""lines"": [103]}, {""file"": ""assets/app.js"", ""lines"": [522]}]",False,False
,F016,03 目录、搜索、分页和阅读偏好,toolbar,"[""toolbar""]",button,btn-zen,禅模式 (F11),点击执行所属流程；禁用/隐藏时不执行,桌面 /api/settings 持久化主题与字号；浏览器 localStorage,"{""id"": ""btn-zen"", ""class"": ""tb-btn icon"", ""title"": ""禅模式 (F11 / Esc)"", ""aria-label"": ""禅模式"", ""data-i18n-title"": ""toolbar.zen"", ""data-i18n-aria"": ""toolbar.zen""}",[],assets/index.html,72,"[{""file"": ""assets/app.js"", ""lines"": [154, 155, 699]}]",False,False
,F016,03 目录、搜索、分页和阅读偏好,toolbar,"[""toolbar""]",button,btn-a,缩小 (Ctrl+-),点击执行所属流程；禁用/隐藏时不执行,桌面 /api/settings 持久化主题与字号；浏览器 localStorage,"{""id"": ""btn-a"", ""class"": ""tb-btn"", ""title"": ""减小字号 (Ctrl+-)"", ""aria-label"": ""减小字号"", ""data-i18n-title"": ""toolbar.zoomOut"", ""data-i18n-aria"": ""toolbar.zoomOut""}",[],assets/index.html,75,"[{""file"": ""assets/js/core/history.js"", ""lines"": [319]}, {""file"": ""assets/js/core/modules.js"", ""lines"": [34]}, {""file"": ""assets/js/shell/shell-deferred.js"", ""lines"": [213, 214]}, {""file"": ""assets/js/shell/shell.js"", ""lines"": [128, 132]}, {""file"": ""assets/app.js"", ""lines"": [523, 594, 598, 686, 1099]}]",False,False
,F016,03 目录、搜索、分页和阅读偏好,toolbar,"[""toolbar""]",button,btn-A,放大 (Ctrl++),点击执行所属流程；禁用/隐藏时不执行,桌面 /api/settings 持久化主题与字号；浏览器 localStorage,"{""id"": ""btn-A"", ""class"": ""tb-btn"", ""title"": ""增大字号 (Ctrl+=)"", ""aria-label"": ""增大字号"", ""data-i18n-title"": ""toolbar.zoomIn"", ""data-i18n-aria"": ""toolbar.zoomIn""}",[],assets/index.html,76,"[{""file"": ""assets/js/core/history.js"", ""lines"": [320]}, {""file"": ""assets/app.js"", ""lines"": [524]}]",False,False
,F070,14 多格式导出、预设和预览,toolbar,"[""toolbar""]",button,btn-print,导出,点击执行所属流程；禁用/隐藏时不执行,/api/export/presets GET；导出后端按格式分流,"{""id"": ""btn-print"", ""class"": ""tb-btn icon"", ""title"": ""导出文档 (Ctrl+P)"", ""aria-label"": ""导出"", ""data-i18n-title"": ""toolbar.export"", ""data-i18n-aria"": ""toolbar.export""}",[],assets/index.html,77,"[{""file"": ""assets/js/core/history.js"", ""lines"": [311, 313, 315, 316, 317]}, {""file"": ""assets/app.js"", ""lines"": [530]}]",False,False
,F021,05 Markdown 编辑工作台,toolbar,"[""toolbar""]",button,btn-edit,编辑 (Ctrl+E),点击执行所属流程；禁用/隐藏时不执行,/api/save、/api/dialog/save-as、/api/documents/history → server.rs/content.rs/document_history.rs；不创建旁边.bak,"{""id"": ""btn-edit"", ""class"": ""tb-btn"", ""title"": ""编辑当前 Markdown (Ctrl+E)"", ""aria-label"": ""编辑"", ""data-i18n-title"": ""toolbar.edit"", ""data-i18n-aria"": ""toolbar.edit"", ""disabled"": null}",[],assets/index.html,80,"[{""file"": ""assets/js/core/history.js"", ""lines"": [305, 306]}, {""file"": ""assets/js/editor/editor.js"", ""lines"": [1634]}, {""file"": ""assets/js/reader/render.js"", ""lines"": [275]}, {""file"": ""assets/js/shell/shell-deferred.js"", ""lines"": [197]}, {""file"": ""assets/app.js"", ""lines"": [339, 1029]}]",False,True
,F041,08 AI 对话与文内改写,toolbar,"[""toolbar""]",button,btn-ai,AI 助手 (Ctrl+Shift+A),点击执行所属流程；禁用/隐藏时不执行,/api/modules/load、/api/ai/config、/api/ai/prompts；面板宽度 /api/settings,"{""id"": ""btn-ai"", ""class"": ""tb-btn accent"", ""title"": ""AI 助手 (Ctrl+Shift+A)"", ""aria-label"": ""AI 助手"", ""data-i18n-title"": ""toolbar.ai"", ""data-i18n-aria"": ""toolbar.ai""}",[],assets/index.html,84,"[{""file"": ""assets/js/core/modules.js"", ""lines"": [34]}, {""file"": ""assets/js/shell/shell-deferred.js"", ""lines"": [213, 214]}, {""file"": ""assets/app.js"", ""lines"": [598, 1099]}]",False,False
,F007,01 启动、主页与全局入口,app-titlebar,"[""toolbar""]",button,btn-more,更多功能,点击执行所属流程；禁用/隐藏时不执行,前端处理；不调用业务后端,"{""id"": ""btn-more"", ""class"": ""tb-btn icon"", ""title"": ""更多功能"", ""aria-label"": ""更多功能"", ""data-i18n-title"": ""toolbar.more"", ""data-i18n-aria"": ""toolbar.more"", ""aria-haspopup"": ""true"", ""aria-expanded"": ""false""}",[],assets/index.html,88,"[{""file"": ""assets/js/features/pet-batch.js"", ""lines"": [1192]}, {""file"": ""assets/js/shell/shell.js"", ""lines"": [103]}, {""file"": ""assets/app.js"", ""lines"": [74, 92]}]",False,False
,F001,01 启动、主页与全局入口,toolbar,"[""toolbar"", ""more-menu""]",button,,导入 ›,点击执行所属流程；禁用/隐藏时不执行,/api/dialog/choose-file、/api/upload、/api/file；server.rs 文件读取/上传 → content.rs 读取与修正；格式分流见 formats.md,"{""class"": ""more-group-header"", ""type"": ""button"", ""aria-expanded"": ""false""}",[],assets/index.html,93,[],False,False
,F058,11 万物转 MD 与批量导入,toolbar,"[""toolbar"", ""more-menu""]",button,btn-convert,万物转换 格式转 MD,点击执行所属流程；禁用/隐藏时不执行,/api/dialog/choose-many-files、choose-folder、/api/upload、/api/convert/collect、batch；具体格式矩阵见 formats.md,"{""id"": ""btn-convert"", ""class"": ""more-item"", ""role"": ""menuitem""}",[],assets/index.html,95,"[{""file"": ""assets/js/core/modules.js"", ""lines"": [34]}, {""file"": ""assets/app.js"", ""lines"": [131]}]",False,False
,F067,13 OCR、网页提取和剪贴板,toolbar,"[""toolbar"", ""more-menu""]",button,btn-web,网页提取 网页转 MD,点击执行所属流程；禁用/隐藏时不执行,/api/clipboard/read、/api/web/extract；桌面私有授权经main.rs nativeWeb IPC → desktop_web.rs隔离系统WebView；普通浏览器缺少宿主时显示能力提示,"{""id"": ""btn-web"", ""class"": ""more-item"", ""role"": ""menuitem""}",[],assets/index.html,96,"[{""file"": ""assets/js/core/modules.js"", ""lines"": [34]}, {""file"": ""assets/app.js"", ""lines"": [149]}]",False,False
,F066,13 OCR、网页提取和剪贴板,toolbar,"[""toolbar"", ""more-menu""]",button,btn-ocr,扫描识别 OCR 识别,点击执行所属流程；禁用/隐藏时不执行,/api/ocr → parity_web.rs + ocr.rs；ocr_winrt.rs WindowsOCR及PDF页渲染/布局归一化,"{""id"": ""btn-ocr"", ""class"": ""more-item"", ""role"": ""menuitem""}",[],assets/index.html,97,"[{""file"": ""assets/js/core/modules.js"", ""lines"": [34]}, {""file"": ""assets/app.js"", ""lines"": [148]}]",False,False
,F069,13 OCR、网页提取和剪贴板,toolbar,"[""toolbar"", ""more-menu""]",button,btn-clipboard-new,剪贴新建 剪贴板转 MD,点击执行所属流程；禁用/隐藏时不执行,/api/clipboard/read → native_system.rs；/api/clipboard/convert-html → headless_renderer.rs；其它分流复用file/ocr/convert,"{""id"": ""btn-clipboard-new"", ""class"": ""more-item"", ""role"": ""menuitem""}",[],assets/index.html,98,"[{""file"": ""assets/app.js"", ""lines"": [150]}]",False,False
,F001,01 启动、主页与全局入口,toolbar,"[""toolbar"", ""more-menu""]",button,,互动 ›,点击执行所属流程；禁用/隐藏时不执行,/api/dialog/choose-file、/api/upload、/api/file；server.rs 文件读取/上传 → content.rs 读取与修正；格式分流见 formats.md,"{""class"": ""more-group-header"", ""type"": ""button"", ""aria-expanded"": ""false""}",[],assets/index.html,102,[],False,False
,F080,16 知识图谱和双向链接,toolbar,"[""toolbar"", ""more-menu""]",button,btn-backlinks-menu,反向链接 双向关联,点击执行所属流程；禁用/隐藏时不执行,/api/links/backlinks → link_indexer.rs/store.rs,"{""id"": ""btn-backlinks-menu"", ""class"": ""more-item"", ""disabled"": null, ""role"": ""menuitem""}",[],assets/index.html,104,"[{""file"": ""assets/js/core/history.js"", ""lines"": [341, 342, 343]}, {""file"": ""assets/js/features/graph.js"", ""lines"": [704]}, {""file"": ""assets/js/shell/shell-deferred.js"", ""lines"": [187]}, {""file"": ""assets/app.js"", ""lines"": [171]}]",False,True
,F076,15 演讲演示与局域网共享,toolbar,"[""toolbar"", ""more-menu""]",button,btn-presentation-menu,演讲演示 Reveal.js (F5),点击执行所属流程；禁用/隐藏时不执行,/api/export/presentation → mdexport.rs render_presentation_html；本地Reveal资源+presentation-bootstrap.js,"{""id"": ""btn-presentation-menu"", ""class"": ""more-item"", ""disabled"": null, ""role"": ""menuitem""}",[],assets/index.html,105,"[{""file"": ""assets/js/core/history.js"", ""lines"": [323]}, {""file"": ""assets/app.js"", ""lines"": [151]}]",False,True
,F038,07 代码运行与图表渲染,toolbar,"[""toolbar"", ""more-menu""]",button,btn-run-all-chunks,运行代码 执行代码块,点击执行所属流程；禁用/隐藏时不执行,复用每块 /api/code/run；并非另一种无限权限执行器,"{""id"": ""btn-run-all-chunks"", ""class"": ""more-item hidden"", ""disabled"": null, ""role"": ""menuitem""}",[],assets/index.html,106,"[{""file"": ""assets/js/core/history.js"", ""lines"": [324, 327, 329, 331]}, {""file"": ""assets/js/reader/render.js"", ""lines"": [1768]}, {""file"": ""assets/app.js"", ""lines"": [152]}]",True,True
,F083,17 修复报告、样式定制和系统设置,toolbar,"[""toolbar"", ""more-menu""]",button,btn-style-custom,样式定制 CSS / Head 注入,点击执行所属流程；禁用/隐藏时不执行,/api/style/get、save → server.rs；AI /api/ai/chat 使用readmd-style-custom,"{""id"": ""btn-style-custom"", ""class"": ""more-item"", ""role"": ""menuitem""}",[],assets/index.html,107,"[{""file"": ""assets/app.js"", ""lines"": [153]}]",False,False
,F012,02 多标签、标题和文件管理,toolbar,"[""toolbar"", ""more-menu""]",button,btn-saveas,另存为 .md 文件,点击执行所属流程；禁用/隐藏时不执行,/api/dialog/save-as、/api/save；native_dialogs.rs、server.rs 文件写入,"{""id"": ""btn-saveas"", ""class"": ""more-item"", ""disabled"": null, ""role"": ""menuitem""}",[],assets/index.html,108,"[{""file"": ""assets/js/core/history.js"", ""lines"": [308, 310]}, {""file"": ""assets/js/editor/preview.js"", ""lines"": [595, 680]}, {""file"": ""assets/js/shell/shell-deferred.js"", ""lines"": [158]}, {""file"": ""assets/app.js"", ""lines"": [460, 1031]}]",False,True
,F102,05 Markdown 编辑工作台,toolbar,"[""toolbar"", ""more-menu""]",button,btn-document-copy,创建编辑副本 先编辑，保存时再选位置,点击执行所属流程；禁用/隐藏时不执行,/api/documents/history保留恢复草稿；用户明确保存时/api/dialog/save-as → save_document_copy，版本保留/资源去重与原子写入,"{""id"": ""btn-document-copy"", ""class"": ""more-item"", ""disabled"": null, ""role"": ""menuitem""}",[],assets/index.html,109,"[{""file"": ""assets/js/core/history.js"", ""lines"": [309]}, {""file"": ""assets/js/features/document-history.js"", ""lines"": [179]}]",False,True
,F103,02 多标签、标题和文件管理,toolbar,"[""toolbar"", ""more-menu""]",button,btn-document-history,恢复与版本历史 草稿与保存前版本,点击执行所属流程；禁用/隐藏时不执行,/api/documents/history → document_history.rs，gzip正文/SHA256校验/原子元数据/容量与孤立文件清理；恢复不直接写原文,"{""id"": ""btn-document-history"", ""class"": ""more-item"", ""role"": ""menuitem""}",[],assets/index.html,110,"[{""file"": ""assets/js/features/document-history.js"", ""lines"": [178, 184]}]",False,False
,F081,17 修复报告、样式定制和系统设置,toolbar,"[""toolbar"", ""more-menu""]",button,btn-fix,修复详情 自动修正报告,点击执行所属流程；禁用/隐藏时不执行,/api/file 或convert产生fixes；/api/file/save-fixed → server.rs；readmd_fix.rs/formula_repair.rs,"{""id"": ""btn-fix"", ""class"": ""more-item"", ""disabled"": null, ""role"": ""menuitem""}",[],assets/index.html,111,"[{""file"": ""assets/js/core/history.js"", ""lines"": [335, 336]}, {""file"": ""assets/js/reader/render.js"", ""lines"": [287]}, {""file"": ""assets/js/shell/shell-deferred.js"", ""lines"": [188]}, {""file"": ""assets/app.js"", ""lines"": [471]}]",False,True
,F077,15 演讲演示与局域网共享,toolbar,"[""toolbar"", ""more-menu""]",button,btn-share,扫码共享 局域网移动端,点击执行所属流程；禁用/隐藏时不执行,/api/share/start、status、stop → server.rs 共享状态/监听/令牌访问控制；QR由vendor qrcode生成,"{""id"": ""btn-share"", ""class"": ""more-item"", ""disabled"": null, ""role"": ""menuitem""}",[],assets/index.html,112,"[{""file"": ""assets/js/core/history.js"", ""lines"": [334]}, {""file"": ""assets/js/shell/shell-deferred.js"", ""lines"": [176]}, {""file"": ""assets/app.js"", ""lines"": [669]}]",False,True
,F001,01 启动、主页与全局入口,toolbar,"[""toolbar"", ""more-menu""]",button,,设置 ›,点击执行所属流程；禁用/隐藏时不执行,/api/dialog/choose-file、/api/upload、/api/file；server.rs 文件读取/上传 → content.rs 读取与修正；格式分流见 formats.md,"{""class"": ""more-group-header"", ""type"": ""button"", ""aria-expanded"": ""false""}",[],assets/index.html,116,[],False,False
,F084,17 修复报告、样式定制和系统设置,toolbar,"[""toolbar"", ""more-menu""]",button,btn-lang,界面语言 简体中文,点击执行所属流程；禁用/隐藏时不执行,/api/system/assoc POST {op:register|status}、/api/autostart/get、set；win_registry.rs modern_association_writes/default_executable、native_system.rs shell_open；四种扩展名 .md/.markdown/.mdown/.mkd。,"{""id"": ""btn-lang"", ""class"": ""more-item"", ""role"": ""menuitem""}",[],assets/index.html,118,"[{""file"": ""assets/app.js"", ""lines"": [684]}]",False,False
,F086,19 桌宠设置、角色库和伴读互动,toolbar,"[""toolbar"", ""more-menu""]",button,btn-pet,桌宠 未开启,点击执行所属流程；禁用/隐藏时不执行,/api/pets/status、/api/pets、上游角色目录本地资源；pet_catalog.rs/manifest数据,"{""id"": ""btn-pet"", ""class"": ""more-item"", ""role"": ""menuitem""}",[],assets/index.html,119,"[{""file"": ""assets/app.js"", ""lines"": [685]}]",False,False
,F084,17 修复报告、样式定制和系统设置,toolbar,"[""toolbar"", ""more-menu""]",button,btn-assoc,设为默认 .md 打开方式,点击执行所属流程；禁用/隐藏时不执行,/api/system/assoc POST {op:register|status}、/api/autostart/get、set；win_registry.rs modern_association_writes/default_executable、native_system.rs shell_open；四种扩展名 .md/.markdown/.mdown/.mkd。,"{""id"": ""btn-assoc"", ""class"": ""more-item"", ""role"": ""menuitem""}",[],assets/index.html,122,"[{""file"": ""assets/app.js"", ""lines"": [594]}]",False,False
,F084,17 修复报告、样式定制和系统设置,toolbar,"[""toolbar"", ""more-menu""]",button,btn-autostart,开机自启 未开启,点击执行所属流程；禁用/隐藏时不执行,/api/system/assoc POST {op:register|status}、/api/autostart/get、set；win_registry.rs modern_association_writes/default_executable、native_system.rs shell_open；四种扩展名 .md/.markdown/.mdown/.mkd。,"{""id"": ""btn-autostart"", ""class"": ""more-item"", ""role"": ""menuitem""}",[],assets/index.html,123,"[{""file"": ""assets/app.js"", ""lines"": [686]}]",False,False
,F085,18 应用更新,toolbar,"[""toolbar"", ""more-menu""]",button,btn-check-update,检查更新 当前版本 v2.3.9,点击执行所属流程；禁用/隐藏时不执行,/api/update/check、download、status、cancel、apply → updater.rs 代理/回退/检查；batch2.rs 下载与哈希门；update_install.rs Windows安装器/事务替换/一份回滚文件/辅助程序清理；文档草稿由 document-history.js 保护。,"{""id"": ""btn-check-update"", ""class"": ""more-item"", ""role"": ""menuitem""}",[],assets/index.html,126,"[{""file"": ""assets/js/features/updater.js"", ""lines"": [27]}, {""file"": ""assets/app.js"", ""lines"": [687]}]",False,False
,F014,03 目录、搜索、分页和阅读偏好,search-bar,"[""search-bar""]",input,search-input,"在文档中搜索… (Enter 下一个, Shift+Enter 上一个)",点击聚焦并编辑；提交/Enter与验证由所属流程规定,前端处理；不调用业务后端,"{""id"": ""search-input"", ""type"": ""text"", ""placeholder"": ""在文档中搜索..."", ""aria-label"": ""在文档中搜索"", ""data-i18n-placeholder"": ""search.placeholder"", ""data-i18n-aria"": ""search.placeholder""}",[],assets/index.html,138,"[{""file"": ""assets/js/core/i18n.js"", ""lines"": [358, 431]}, {""file"": ""assets/js/reader/search.js"", ""lines"": [258, 259]}, {""file"": ""assets/app.js"", ""lines"": [492, 502, 936]}]",False,False
,F014,03 目录、搜索、分页和阅读偏好,search-bar,"[""search-bar""]",button,search-prev,上一个 (Shift+Enter),点击执行所属流程；禁用/隐藏时不执行,前端处理；不调用业务后端,"{""id"": ""search-prev"", ""class"": ""tb-btn"", ""title"": ""上一个 (Shift+Enter)"", ""data-i18n-title"": ""search.prev"", ""data-i18n-aria"": ""search.prev""}",[],assets/index.html,140,"[{""file"": ""assets/app.js"", ""lines"": [488]}]",False,False
,F014,03 目录、搜索、分页和阅读偏好,search-bar,"[""search-bar""]",button,search-next,下一个 (Enter),点击执行所属流程；禁用/隐藏时不执行,前端处理；不调用业务后端,"{""id"": ""search-next"", ""class"": ""tb-btn"", ""title"": ""下一个 (Enter)"", ""data-i18n-title"": ""search.next"", ""data-i18n-aria"": ""search.next""}",[],assets/index.html,141,"[{""file"": ""assets/app.js"", ""lines"": [487]}]",False,False
,F014,03 目录、搜索、分页和阅读偏好,search-bar,"[""search-bar""]",button,search-close,关闭搜索 (Esc),点击执行所属流程；禁用/隐藏时不执行,前端处理；不调用业务后端,"{""id"": ""search-close"", ""class"": ""tb-btn"", ""title"": ""关闭 (Esc)"", ""data-i18n-title"": ""search.close"", ""data-i18n-aria"": ""search.close""}",[],assets/index.html,142,"[{""file"": ""assets/app.js"", ""lines"": [486]}]",False,False
,F022,05 Markdown 编辑工作台,edit-bar,"[""edit-bar"", ""md-tool""]",button,,加粗,插入/变换Markdown：bold,纯前端文本变换；点击保存才写磁盘,"{""class"": ""md-tool-btn icon"", ""data-md"": ""bold"", ""title"": ""加粗 (Ctrl+B)"", ""aria-label"": ""加粗"", ""data-i18n-title"": ""editor.boldTip"", ""data-i18n-aria"": ""editor.bold""}",[],assets/index.html,149,[],False,False
,F022,05 Markdown 编辑工作台,edit-bar,"[""edit-bar"", ""md-tool""]",button,,斜体,插入/变换Markdown：italic,纯前端文本变换；点击保存才写磁盘,"{""class"": ""md-tool-btn icon"", ""data-md"": ""italic"", ""title"": ""斜体 (Ctrl+I)"", ""aria-label"": ""斜体"", ""data-i18n-title"": ""editor.italicTip"", ""data-i18n-aria"": ""editor.italic""}",[],assets/index.html,152,[],False,False
,F022,05 Markdown 编辑工作台,edit-bar,"[""edit-bar"", ""md-tool""]",button,,删除线,插入/变换Markdown：strike,纯前端文本变换；点击保存才写磁盘,"{""class"": ""md-tool-btn icon md-wide-only"", ""data-md"": ""strike"", ""title"": ""删除线 (Ctrl+Shift+X)"", ""aria-label"": ""删除线"", ""data-i18n-title"": ""editor.strikeTip"", ""data-i18n-aria"": ""editor.strikethrough""}",[],assets/index.html,155,[],False,False
,F022,05 Markdown 编辑工作台,edit-bar,"[""edit-bar"", ""md-tool""]",button,,行内代码,插入/变换Markdown：code,纯前端文本变换；点击保存才写磁盘,"{""class"": ""md-tool-btn icon md-wide-only"", ""data-md"": ""code"", ""title"": ""行内代码 (Ctrl+E)"", ""aria-label"": ""行内代码"", ""data-i18n-title"": ""editor.codeTip"", ""data-i18n-aria"": ""editor.codeInline""}",[],assets/index.html,158,[],False,False
,F022,05 Markdown 编辑工作台,edit-bar,"[""edit-bar"", ""md-tool""]",button,,链接,插入/变换Markdown：link,纯前端文本变换；点击保存才写磁盘,"{""class"": ""md-tool-btn icon"", ""data-md"": ""link"", ""title"": ""链接 (Ctrl+K)"", ""aria-label"": ""链接"", ""data-i18n-title"": ""editor.linkTip"", ""data-i18n-aria"": ""editor.link""}",[],assets/index.html,161,[],False,False
,F023,05 Markdown 编辑工作台,edit-bar,"[""edit-bar"", ""md-tool""]",button,,文本,展开菜单：md-text-menu,编辑器偏好 localStorage；文字撤销在前端，最终保存 /api/save,"{""class"": ""md-tool-btn md-group"", ""data-menu"": ""md-text-menu"", ""aria-haspopup"": ""true"", ""aria-expanded"": ""false""}",[],assets/index.html,166,[],False,False
,F022,05 Markdown 编辑工作台,edit-bar,"[""edit-bar"", ""md-tool"", ""md-text-menu""]",button,,删除线 Ctrl+Shift+X,插入/变换Markdown：strike,纯前端文本变换；点击保存才写磁盘,"{""data-md"": ""strike"", ""role"": ""menuitem""}",[],assets/index.html,167,[],False,False
,F022,05 Markdown 编辑工作台,edit-bar,"[""edit-bar"", ""md-tool"", ""md-text-menu""]",button,,行内代码 Ctrl+E,插入/变换Markdown：code,纯前端文本变换；点击保存才写磁盘,"{""data-md"": ""code"", ""role"": ""menuitem""}",[],assets/index.html,167,[],False,False
,F022,05 Markdown 编辑工作台,edit-bar,"[""edit-bar"", ""md-tool"", ""md-text-menu""]",button,,行内公式,插入/变换Markdown：math,纯前端文本变换；点击保存才写磁盘,"{""data-md"": ""math"", ""role"": ""menuitem""}",[],assets/index.html,167,[],False,False
,F022,05 Markdown 编辑工作台,edit-bar,"[""edit-bar"", ""md-tool"", ""md-text-menu""]",button,,链接 Ctrl+K,插入/变换Markdown：link,纯前端文本变换；点击保存才写磁盘,"{""data-md"": ""link"", ""role"": ""menuitem""}",[],assets/index.html,167,[],False,False
,F023,05 Markdown 编辑工作台,edit-bar,"[""edit-bar"", ""md-tool""]",button,,结构,展开菜单：md-structure-menu,编辑器偏好 localStorage；文字撤销在前端，最终保存 /api/save,"{""class"": ""md-tool-btn md-group"", ""data-menu"": ""md-structure-menu"", ""aria-haspopup"": ""true"", ""aria-expanded"": ""false""}",[],assets/index.html,168,[],False,False
,F022,05 Markdown 编辑工作台,edit-bar,"[""edit-bar"", ""md-tool"", ""md-structure-menu""]",button,,一级标题 Ctrl+1,插入/变换Markdown：h1,纯前端文本变换；点击保存才写磁盘,"{""data-md"": ""h1"", ""role"": ""menuitem""}",[],assets/index.html,169,[],False,False
,F022,05 Markdown 编辑工作台,edit-bar,"[""edit-bar"", ""md-tool"", ""md-structure-menu""]",button,,标题 Ctrl+2,插入/变换Markdown：h2,纯前端文本变换；点击保存才写磁盘,"{""data-md"": ""h2"", ""role"": ""menuitem""}",[],assets/index.html,169,[],False,False
,F022,05 Markdown 编辑工作台,edit-bar,"[""edit-bar"", ""md-tool"", ""md-structure-menu""]",button,,三级标题 Ctrl+3,插入/变换Markdown：h3,纯前端文本变换；点击保存才写磁盘,"{""data-md"": ""h3"", ""role"": ""menuitem""}",[],assets/index.html,169,[],False,False
,F022,05 Markdown 编辑工作台,edit-bar,"[""edit-bar"", ""md-tool"", ""md-structure-menu""]",button,,正文 Ctrl+0,插入/变换Markdown：para,纯前端文本变换；点击保存才写磁盘,"{""data-md"": ""para"", ""role"": ""menuitem""}",[],assets/index.html,169,[],False,False
,F022,05 Markdown 编辑工作台,edit-bar,"[""edit-bar"", ""md-tool"", ""md-structure-menu""]",button,,引用 Ctrl+Shift+.,插入/变换Markdown：quote,纯前端文本变换；点击保存才写磁盘,"{""data-md"": ""quote"", ""role"": ""menuitem""}",[],assets/index.html,169,[],False,False
,F022,05 Markdown 编辑工作台,edit-bar,"[""edit-bar"", ""md-tool"", ""md-structure-menu""]",button,,提示块,插入/变换Markdown：callout,纯前端文本变换；点击保存才写磁盘,"{""data-md"": ""callout"", ""role"": ""menuitem""}",[],assets/index.html,169,[],False,False
,F022,05 Markdown 编辑工作台,edit-bar,"[""edit-bar"", ""md-tool"", ""md-structure-menu""]",button,,无序列表 Ctrl+Shift+8,插入/变换Markdown：list,纯前端文本变换；点击保存才写磁盘,"{""data-md"": ""list"", ""role"": ""menuitem""}",[],assets/index.html,169,[],False,False
,F022,05 Markdown 编辑工作台,edit-bar,"[""edit-bar"", ""md-tool"", ""md-structure-menu""]",button,,有序列表 Ctrl+Shift+7,插入/变换Markdown：ordered,纯前端文本变换；点击保存才写磁盘,"{""data-md"": ""ordered"", ""role"": ""menuitem""}",[],assets/index.html,169,[],False,False
,F022,05 Markdown 编辑工作台,edit-bar,"[""edit-bar"", ""md-tool"", ""md-structure-menu""]",button,,任务列表 Ctrl+Shift+9,插入/变换Markdown：task,纯前端文本变换；点击保存才写磁盘,"{""data-md"": ""task"", ""role"": ""menuitem""}",[],assets/index.html,169,[],False,False
,F022,05 Markdown 编辑工作台,edit-bar,"[""edit-bar"", ""md-tool"", ""md-structure-menu""]",button,,代码块,插入/变换Markdown：codeblock,纯前端文本变换；点击保存才写磁盘,"{""data-md"": ""codeblock"", ""role"": ""menuitem""}",[],assets/index.html,169,[],False,False
,F022,05 Markdown 编辑工作台,edit-bar,"[""edit-bar"", ""md-tool"", ""md-structure-menu""]",button,,公式块,插入/变换Markdown：mathblock,纯前端文本变换；点击保存才写磁盘,"{""data-md"": ""mathblock"", ""role"": ""menuitem""}",[],assets/index.html,169,[],False,False
,F022,05 Markdown 编辑工作台,edit-bar,"[""edit-bar"", ""md-tool"", ""md-structure-menu""]",button,,分隔线,插入/变换Markdown：hr,纯前端文本变换；点击保存才写磁盘,"{""data-md"": ""hr"", ""role"": ""menuitem""}",[],assets/index.html,169,[],False,False
,F023,05 Markdown 编辑工作台,edit-bar,"[""edit-bar"", ""md-tool""]",button,,插入,展开菜单：md-insert-menu,编辑器偏好 localStorage；文字撤销在前端，最终保存 /api/save,"{""class"": ""md-tool-btn md-group"", ""data-menu"": ""md-insert-menu"", ""aria-haspopup"": ""true"", ""aria-expanded"": ""false""}",[],assets/index.html,170,[],False,False
,F022,05 Markdown 编辑工作台,edit-bar,"[""edit-bar"", ""md-tool"", ""md-insert-menu""]",button,,图片,插入/变换Markdown：image,纯前端文本变换；点击保存才写磁盘,"{""data-md"": ""image"", ""role"": ""menuitem"", ""data-i18n"": ""editor.image""}",[],assets/index.html,172,[],False,False
,F031,06 插入图片、表格、公式和高级块,edit-bar,"[""edit-bar"", ""md-tool"", ""md-insert-menu""]",button,btn-insert-table,表格,插入/变换Markdown：table,前端处理；不调用业务后端,"{""id"": ""btn-insert-table"", ""data-md"": ""table"", ""role"": ""menuitem"", ""data-i18n"": ""editor.table""}",[],assets/index.html,173,"[{""file"": ""assets/app.js"", ""lines"": [700]}]",False,False
,F022,05 Markdown 编辑工作台,edit-bar,"[""edit-bar"", ""md-tool"", ""md-insert-menu""]",button,,链接,插入/变换Markdown：link,纯前端文本变换；点击保存才写磁盘,"{""data-md"": ""link"", ""role"": ""menuitem"", ""data-i18n"": ""editor.link""}",[],assets/index.html,174,[],False,False
,F033,06 插入图片、表格、公式和高级块,edit-bar,"[""edit-bar"", ""md-tool"", ""md-insert-menu""]",button,btn-insert-code-chunk,交互代码块,插入/变换Markdown：codechunk,插入前端处理；点击运行后 /api/code/run → parity_code.rs + code_chunk_runner.rs,"{""id"": ""btn-insert-code-chunk"", ""data-md"": ""codechunk"", ""role"": ""menuitem"", ""data-i18n"": ""editor.codeChunk""}",[],assets/index.html,176,"[{""file"": ""assets/app.js"", ""lines"": [701]}]",False,False
,F034,06 插入图片、表格、公式和高级块,edit-bar,"[""edit-bar"", ""md-tool"", ""md-insert-menu""]",button,btn-insert-diagram,科学工程图表,插入/变换Markdown：diagram,插入前端；渲染路径详见第07层和 api.md,"{""id"": ""btn-insert-diagram"", ""data-md"": ""diagram"", ""role"": ""menuitem"", ""data-i18n"": ""editor.diagram""}",[],assets/index.html,177,"[{""file"": ""assets/app.js"", ""lines"": [702]}]",False,False
,F035,06 插入图片、表格、公式和高级块,edit-bar,"[""edit-bar"", ""md-tool"", ""md-insert-menu""]",button,btn-insert-doc-import,子文档引用,插入/变换Markdown：docimport,/api/import/process → import_processor.rs；读文件并按引用模式展开,"{""id"": ""btn-insert-doc-import"", ""data-md"": ""docimport"", ""role"": ""menuitem"", ""data-i18n"": ""editor.docImport""}",[],assets/index.html,178,"[{""file"": ""assets/app.js"", ""lines"": [703]}]",False,False
,F036,06 插入图片、表格、公式和高级块,edit-bar,"[""edit-bar"", ""md-tool"", ""md-insert-menu""]",button,btn-insert-frontmatter,样式元数据,插入/变换Markdown：frontmatter,编辑器源码修改；读取/演示编译在后端解析 frontmatter,"{""id"": ""btn-insert-frontmatter"", ""data-md"": ""frontmatter"", ""role"": ""menuitem"", ""data-i18n"": ""editor.frontmatter""}",[],assets/index.html,179,"[{""file"": ""assets/app.js"", ""lines"": [704]}]",False,False
,F032,06 插入图片、表格、公式和高级块,edit-bar,"[""edit-bar"", ""md-tool""]",button,formula-open,公式选择器,点击执行所属流程；禁用/隐藏时不执行,前端模板插入；Rust 读取修复与导出公式另由 formula_repair.rs/formula 系列实现,"{""id"": ""formula-open"", ""class"": ""md-tool-btn md-group"", ""title"": ""公式选择器"", ""data-i18n-title"": ""dialog.formulaTitle""}",[],assets/index.html,181,"[{""file"": ""assets/app.js"", ""lines"": [347]}]",False,False
,F025,05 Markdown 编辑工作台,edit-bar,"[""edit-bar"", ""md-tool""]",button,edit-slash-btn,插入块,点击执行所属流程；禁用/隐藏时不执行,纯前端；生成 Markdown 后按正常保存路径持久化,"{""id"": ""edit-slash-btn"", ""class"": ""md-tool-btn md-slash-btn"", ""title"": ""插入块 (/ 或 Ctrl+/)"", ""aria-label"": ""插入块"", ""data-i18n-title"": ""slash.buttonTip"", ""data-i18n-aria"": ""slash.button""}",[],assets/index.html,182,"[{""file"": ""assets/js/editor/editor.js"", ""lines"": [2433]}]",False,False
,F023,05 Markdown 编辑工作台,edit-bar,"[""edit-bar""]",button,edit-view-trigger,视图,点击执行所属流程；禁用/隐藏时不执行,编辑器偏好 localStorage；文字撤销在前端，最终保存 /api/save,"{""id"": ""edit-view-trigger"", ""class"": ""md-tool-btn icon"", ""aria-haspopup"": ""true"", ""aria-expanded"": ""false"", ""title"": ""视图"", ""aria-label"": ""视图"", ""data-i18n-title"": ""editor.view"", ""data-i18n-aria"": ""editor.view""}",[],assets/index.html,189,"[{""file"": ""assets/js/editor/editor.js"", ""lines"": [2416]}]",False,False
,F023,05 Markdown 编辑工作台,edit-bar,"[""edit-bar"", ""edit-view-menu""]",button,edit-view-focus,专注模式,点击执行所属流程；禁用/隐藏时不执行,编辑器偏好 localStorage；文字撤销在前端，最终保存 /api/save,"{""id"": ""edit-view-focus"", ""role"": ""menuitemcheckbox"", ""aria-checked"": ""false""}",[],assets/index.html,193,"[{""file"": ""assets/js/editor/editor.js"", ""lines"": [628, 2428]}]",False,False
,F023,05 Markdown 编辑工作台,edit-bar,"[""edit-bar"", ""edit-view-menu""]",button,edit-view-typewriter,打字机滚动,点击执行所属流程；禁用/隐藏时不执行,编辑器偏好 localStorage；文字撤销在前端，最终保存 /api/save,"{""id"": ""edit-view-typewriter"", ""role"": ""menuitemcheckbox"", ""aria-checked"": ""false""}",[],assets/index.html,194,"[{""file"": ""assets/js/editor/editor.js"", ""lines"": [628, 2428]}]",False,False
,F023,05 Markdown 编辑工作台,edit-bar,"[""edit-bar"", ""edit-view-menu""]",button,edit-view-lines,行号,点击执行所属流程；禁用/隐藏时不执行,编辑器偏好 localStorage；文字撤销在前端，最终保存 /api/save,"{""id"": ""edit-view-lines"", ""role"": ""menuitemcheckbox"", ""aria-checked"": ""false""}",[],assets/index.html,195,"[{""file"": ""assets/js/editor/editor.js"", ""lines"": [628, 2428]}]",False,False
,F023,05 Markdown 编辑工作台,edit-bar,"[""edit-bar""]",button,edit-undo,撤销 (Ctrl+Z),点击执行所属流程；禁用/隐藏时不执行,编辑器偏好 localStorage；文字撤销在前端，最终保存 /api/save,"{""id"": ""edit-undo"", ""class"": ""md-tool-btn icon"", ""title"": ""撤销 (Ctrl+Z)"", ""aria-label"": ""撤销"", ""data-i18n-title"": ""editor.undo"", ""data-i18n-aria"": ""editor.undo""}",[],assets/index.html,198,"[{""file"": ""assets/app.js"", ""lines"": [361]}]",False,False
,F023,05 Markdown 编辑工作台,edit-bar,"[""edit-bar""]",button,edit-redo,重做 (Ctrl+Y),点击执行所属流程；禁用/隐藏时不执行,编辑器偏好 localStorage；文字撤销在前端，最终保存 /api/save,"{""id"": ""edit-redo"", ""class"": ""md-tool-btn icon"", ""title"": ""重做 (Ctrl+Y)"", ""aria-label"": ""重做"", ""data-i18n-title"": ""editor.redo"", ""data-i18n-aria"": ""editor.redo""}",[],assets/index.html,201,"[{""file"": ""assets/app.js"", ""lines"": [362]}]",False,False
,F027,05 Markdown 编辑工作台,edit-bar,"[""edit-bar""]",button,pv-trigger,预览：无,点击执行所属流程；禁用/隐藏时不执行,桌面 /api/settings；浏览器 localStorage；正文预览渲染在前端,"{""id"": ""pv-trigger"", ""class"": ""md-tool-btn md-group"", ""aria-haspopup"": ""true"", ""aria-expanded"": ""false""}",[],assets/index.html,205,"[{""file"": ""assets/js/editor/editor.js"", ""lines"": [732]}, {""file"": ""assets/js/editor/preview.js"", ""lines"": [83, 89, 90]}, {""file"": ""assets/app.js"", ""lines"": [372, 378]}]",False,False
,F027,05 Markdown 编辑工作台,edit-bar,"[""edit-bar"", ""pv-menu""]",button,,上方预览,切换预览布局：top,桌面 /api/settings；浏览器 localStorage；正文预览渲染在前端,"{""class"": ""pv-btn"", ""data-pv"": ""top"", ""title"": ""上方预览"", ""data-i18n-title"": ""editor.previewTop""}",[],assets/index.html,209,[],False,False
,F027,05 Markdown 编辑工作台,edit-bar,"[""edit-bar"", ""pv-menu""]",button,,关闭预览,切换预览布局：none,桌面 /api/settings；浏览器 localStorage；正文预览渲染在前端,"{""class"": ""pv-btn"", ""data-pv"": ""none"", ""title"": ""关闭预览"", ""data-i18n-title"": ""editor.previewNone""}",[],assets/index.html,209,[],False,False
,F027,05 Markdown 编辑工作台,edit-bar,"[""edit-bar"", ""pv-menu""]",button,,左侧预览,切换预览布局：left,桌面 /api/settings；浏览器 localStorage；正文预览渲染在前端,"{""class"": ""pv-btn"", ""data-pv"": ""left"", ""title"": ""左侧预览"", ""data-i18n-title"": ""editor.previewLeft""}",[],assets/index.html,210,[],False,False
,F027,05 Markdown 编辑工作台,edit-bar,"[""edit-bar"", ""pv-menu""]",button,,右侧预览,切换预览布局：right,桌面 /api/settings；浏览器 localStorage；正文预览渲染在前端,"{""class"": ""pv-btn"", ""data-pv"": ""right"", ""title"": ""右侧预览"", ""data-i18n-title"": ""editor.previewRight""}",[],assets/index.html,210,[],False,False
,F027,05 Markdown 编辑工作台,edit-bar,"[""edit-bar"", ""pv-menu""]",button,,下方预览,切换预览布局：bottom,桌面 /api/settings；浏览器 localStorage；正文预览渲染在前端,"{""class"": ""pv-btn"", ""data-pv"": ""bottom"", ""title"": ""下方预览"", ""data-i18n-title"": ""editor.previewBottom""}",[],assets/index.html,211,[],False,False
,F027,05 Markdown 编辑工作台,edit-bar,"[""edit-bar"", ""pv-menu""]",input,pv-sync,pv-sync,点击切换开关；按所属流程立即保存、仅影响本次任务或待保存表单,桌面 /api/settings；浏览器 localStorage；正文预览渲染在前端,"{""id"": ""pv-sync"", ""type"": ""checkbox""}",[],assets/index.html,213,"[{""file"": ""assets/js/editor/preview.js"", ""lines"": [435]}, {""file"": ""assets/app.js"", ""lines"": [381]}]",False,False
,F021,05 Markdown 编辑工作台,edit-bar,"[""edit-bar""]",button,edit-save,保存,点击执行所属流程；禁用/隐藏时不执行,/api/save、/api/dialog/save-as、/api/documents/history → server.rs/content.rs/document_history.rs；不创建旁边.bak,"{""id"": ""edit-save"", ""class"": ""tb-btn accent"", ""data-i18n"": ""editor.save""}",[],assets/index.html,217,"[{""file"": ""assets/js/editor/preview.js"", ""lines"": [595, 644, 680]}, {""file"": ""assets/app.js"", ""lines"": [353]}]",False,False
,F021,05 Markdown 编辑工作台,edit-bar,"[""edit-bar""]",button,edit-cancel,取消,点击执行所属流程；禁用/隐藏时不执行,/api/save、/api/dialog/save-as、/api/documents/history → server.rs/content.rs/document_history.rs；不创建旁边.bak,"{""id"": ""edit-cancel"", ""class"": ""tb-btn"", ""data-i18n"": ""editor.cancel""}",[],assets/index.html,219,"[{""file"": ""assets/app.js"", ""lines"": [358]}]",False,False
,F024,05 Markdown 编辑工作台,cm-selection-toolbar,"[""cm-selection-toolbar""]",button,cm-sel-ai,AI 改写,点击执行所属流程；禁用/隐藏时不执行,格式与剪贴板前端；AI /api/ai/chat；写磁盘须保存,"{""id"": ""cm-sel-ai"", ""class"": ""cm-sel-btn ai-highlight"", ""title"": ""AI 改写 (Alt+K)"", ""aria-label"": ""AI 改写"", ""data-i18n-title"": ""editor.aiInlineTip"", ""data-i18n-aria"": ""editor.aiInline""}",[],assets/index.html,224,"[{""file"": ""assets/js/editor/editor.js"", ""lines"": [1635]}]",False,False
,F024,05 Markdown 编辑工作台,cm-selection-toolbar,"[""cm-selection-toolbar""]",button,cm-sel-bold,加粗,点击执行所属流程；禁用/隐藏时不执行,格式与剪贴板前端；AI /api/ai/chat；写磁盘须保存,"{""id"": ""cm-sel-bold"", ""class"": ""cm-sel-btn icon"", ""data-cmd"": ""bold"", ""aria-pressed"": ""false"", ""title"": ""加粗 (Ctrl+B)"", ""aria-label"": ""加粗"", ""data-i18n-title"": ""editor.boldTip"", ""data-i18n-aria"": ""editor.bold""}",[],assets/index.html,229,"[{""file"": ""assets/js/editor/editor.js"", ""lines"": [186]}]",False,False
,F024,05 Markdown 编辑工作台,cm-selection-toolbar,"[""cm-selection-toolbar""]",button,cm-sel-italic,斜体,点击执行所属流程；禁用/隐藏时不执行,格式与剪贴板前端；AI /api/ai/chat；写磁盘须保存,"{""id"": ""cm-sel-italic"", ""class"": ""cm-sel-btn icon"", ""data-cmd"": ""italic"", ""aria-pressed"": ""false"", ""title"": ""斜体 (Ctrl+I)"", ""aria-label"": ""斜体"", ""data-i18n-title"": ""editor.italicTip"", ""data-i18n-aria"": ""editor.italic""}",[],assets/index.html,232,"[{""file"": ""assets/js/editor/editor.js"", ""lines"": [186]}]",False,False
,F024,05 Markdown 编辑工作台,cm-selection-toolbar,"[""cm-selection-toolbar""]",button,cm-sel-strike,删除线,点击执行所属流程；禁用/隐藏时不执行,格式与剪贴板前端；AI /api/ai/chat；写磁盘须保存,"{""id"": ""cm-sel-strike"", ""class"": ""cm-sel-btn icon cm-sel-extra"", ""data-cmd"": ""strike"", ""aria-pressed"": ""false"", ""title"": ""删除线 (Ctrl+Shift+X)"", ""aria-label"": ""删除线"", ""data-i18n-title"": ""editor.strikeTip"", ""data-i18n-aria"": ""editor.strikethrough""}",[],assets/index.html,235,"[{""file"": ""assets/js/editor/editor.js"", ""lines"": [186]}]",False,False
,F024,05 Markdown 编辑工作台,cm-selection-toolbar,"[""cm-selection-toolbar""]",button,cm-sel-code,行内代码,点击执行所属流程；禁用/隐藏时不执行,格式与剪贴板前端；AI /api/ai/chat；写磁盘须保存,"{""id"": ""cm-sel-code"", ""class"": ""cm-sel-btn icon cm-sel-extra"", ""data-cmd"": ""code"", ""aria-pressed"": ""false"", ""title"": ""行内代码 (Ctrl+E)"", ""aria-label"": ""行内代码"", ""data-i18n-title"": ""editor.codeTip"", ""data-i18n-aria"": ""editor.codeInline""}",[],assets/index.html,238,"[{""file"": ""assets/js/editor/editor.js"", ""lines"": [187]}]",False,False
,F024,05 Markdown 编辑工作台,cm-selection-toolbar,"[""cm-selection-toolbar""]",button,cm-sel-link,链接,点击执行所属流程；禁用/隐藏时不执行,格式与剪贴板前端；AI /api/ai/chat；写磁盘须保存,"{""id"": ""cm-sel-link"", ""class"": ""cm-sel-btn icon"", ""data-cmd"": ""link"", ""aria-pressed"": ""false"", ""title"": ""链接 (Ctrl+K)"", ""aria-label"": ""链接"", ""data-i18n-title"": ""editor.linkTip"", ""data-i18n-aria"": ""editor.link""}",[],assets/index.html,241,"[{""file"": ""assets/js/editor/editor.js"", ""lines"": [187]}]",False,False
,F024,05 Markdown 编辑工作台,cm-selection-toolbar,"[""cm-selection-toolbar""]",button,cm-sel-heading,标题,点击执行所属流程；禁用/隐藏时不执行,格式与剪贴板前端；AI /api/ai/chat；写磁盘须保存,"{""id"": ""cm-sel-heading"", ""class"": ""cm-sel-btn icon cm-sel-extra"", ""data-cmd"": ""h2"", ""title"": ""标题 (Ctrl+2)"", ""aria-label"": ""标题"", ""data-i18n-title"": ""editor.headingTip"", ""data-i18n-aria"": ""editor.h2""}",[],assets/index.html,244,"[{""file"": ""assets/js/editor/editor.js"", ""lines"": [187]}]",False,False
,F024,05 Markdown 编辑工作台,cm-selection-toolbar,"[""cm-selection-toolbar""]",button,cm-sel-quote,引用,点击执行所属流程；禁用/隐藏时不执行,格式与剪贴板前端；AI /api/ai/chat；写磁盘须保存,"{""id"": ""cm-sel-quote"", ""class"": ""cm-sel-btn icon cm-sel-extra"", ""data-cmd"": ""quote"", ""title"": ""引用 (Ctrl+Shift+.)"", ""aria-label"": ""引用"", ""data-i18n-title"": ""editor.quoteTip"", ""data-i18n-aria"": ""editor.quote""}",[],assets/index.html,247,"[{""file"": ""assets/js/editor/editor.js"", ""lines"": [187]}]",False,False
,F024,05 Markdown 编辑工作台,cm-selection-toolbar,"[""cm-selection-toolbar""]",button,cm-sel-copy,复制,点击执行所属流程；禁用/隐藏时不执行,格式与剪贴板前端；AI /api/ai/chat；写磁盘须保存,"{""id"": ""cm-sel-copy"", ""class"": ""cm-sel-btn icon"", ""title"": ""复制 (Ctrl+C)"", ""aria-label"": ""复制"", ""data-i18n-title"": ""editor.copy"", ""data-i18n-aria"": ""editor.copy""}",[],assets/index.html,251,"[{""file"": ""assets/app.js"", ""lines"": [365]}]",False,False
,F024,05 Markdown 编辑工作台,cm-selection-toolbar,"[""cm-selection-toolbar""]",button,cm-sel-cut,剪切,点击执行所属流程；禁用/隐藏时不执行,格式与剪贴板前端；AI /api/ai/chat；写磁盘须保存,"{""id"": ""cm-sel-cut"", ""class"": ""cm-sel-btn icon"", ""title"": ""剪切 (Ctrl+X)"", ""aria-label"": ""剪切"", ""data-i18n-title"": ""editor.cut"", ""data-i18n-aria"": ""editor.cut""}",[],assets/index.html,254,"[{""file"": ""assets/app.js"", ""lines"": [366]}]",False,False
,F024,05 Markdown 编辑工作台,cm-selection-toolbar,"[""cm-selection-toolbar""]",button,cm-sel-paste,粘贴,点击执行所属流程；禁用/隐藏时不执行,格式与剪贴板前端；AI /api/ai/chat；写磁盘须保存,"{""id"": ""cm-sel-paste"", ""class"": ""cm-sel-btn icon"", ""title"": ""粘贴 (Ctrl+V)"", ""aria-label"": ""粘贴"", ""data-i18n-title"": ""editor.paste"", ""data-i18n-aria"": ""editor.paste""}",[],assets/index.html,257,"[{""file"": ""assets/app.js"", ""lines"": [367]}]",False,False
,F013,03 目录、搜索、分页和阅读偏好,layout,"[""layout"", ""side"", ""side-tabs""]",button,tab-toc,目录大纲,点击执行所属流程；禁用/隐藏时不执行,大纲解析和滚动为前端；文件树 /api/list、/api/file,"{""id"": ""tab-toc"", ""class"": ""side-tab active"", ""role"": ""tab"", ""aria-selected"": ""true"", ""aria-controls"": ""toc-list"", ""data-i18n"": ""sidebar.toc""}",[],assets/index.html,266,"[{""file"": ""assets/js/reader/folder.js"", ""lines"": [250, 276]}, {""file"": ""assets/app.js"", ""lines"": [677]}]",False,False
,F013,03 目录、搜索、分页和阅读偏好,layout,"[""layout"", ""side"", ""side-tabs""]",button,tab-files,文件列表,点击执行所属流程；禁用/隐藏时不执行,大纲解析和滚动为前端；文件树 /api/list、/api/file,"{""id"": ""tab-files"", ""class"": ""side-tab"", ""role"": ""tab"", ""aria-selected"": ""false"", ""aria-controls"": ""file-list"", ""tabindex"": ""-1"", ""data-i18n"": ""sidebar.files""}",[],assets/index.html,267,"[{""file"": ""assets/js/reader/folder.js"", ""lines"": [250, 276]}, {""file"": ""assets/app.js"", ""lines"": [678]}]",False,False
,F013,03 目录、搜索、分页和阅读偏好,layout,"[""layout"", ""side"", ""side-tabs""]",button,side-close-btn,关闭,点击执行所属流程；禁用/隐藏时不执行,大纲解析和滚动为前端；文件树 /api/list、/api/file,"{""id"": ""side-close-btn"", ""class"": ""side-close-btn"", ""title"": ""关闭侧栏 (Esc)"", ""aria-label"": ""关闭侧栏"", ""data-i18n-title"": ""toolbar.close"", ""data-i18n-aria"": ""toolbar.close""}",[],assets/index.html,268,"[{""file"": ""assets/js/reader/folder.js"", ""lines"": [299]}]",False,False
,F001,01 启动、主页与全局入口,main-col,"[""layout"", ""main-col"", ""content"", ""welcome""]",button,w-open,打开 (Ctrl+O),点击执行所属流程；禁用/隐藏时不执行,/api/dialog/choose-file、/api/upload、/api/file；server.rs 文件读取/上传 → content.rs 读取与修正；格式分流见 formats.md,"{""id"": ""w-open"", ""class"": ""big-btn welcome-cta is-primary"", ""title"": ""打开本地 Markdown 文件"", ""data-i18n-title"": ""toolbar.open""}",[],assets/index.html,286,"[{""file"": ""assets/js/core/history.js"", ""lines"": [431]}]",False,False
,F002,01 启动、主页与全局入口,main-col,"[""layout"", ""main-col"", ""content"", ""welcome""]",button,w-folder,打开文件夹,点击执行所属流程；禁用/隐藏时不执行,/api/dialog/choose-folder、/api/list；native_dialogs.rs + server.rs h_list,"{""id"": ""w-folder"", ""class"": ""big-btn welcome-cta"", ""title"": ""打开文件夹，浏览其中所有 Markdown"", ""data-i18n-title"": ""toolbar.openFolder""}",[],assets/index.html,290,"[{""file"": ""assets/js/core/history.js"", ""lines"": [432]}]",False,False
,F003,01 启动、主页与全局入口,main-col,"[""layout"", ""main-col"", ""content"", ""welcome""]",button,w-new,新建文档,点击执行所属流程；禁用/隐藏时不执行,首次保存调用 /api/dialog/save-file 或 /api/dialog/save-as；后续 /api/save,"{""id"": ""w-new"", ""class"": ""big-btn welcome-cta"", ""title"": ""新建文档"", ""data-i18n-title"": ""menu.new""}",[],assets/index.html,294,"[{""file"": ""assets/js/core/history.js"", ""lines"": [433]}]",False,False
,F096,21 命令面板、快捷键和通用对话框,main-col,"[""layout"", ""main-col"", ""content"", ""welcome""]",button,,搜索命令、文件与设置…,委托操作：palette,复用各具体功能；MRU、搜索与键位显示前端localStorage,"{""type"": ""button"", ""class"": ""welcome-search"", ""data-action"": ""palette"", ""aria-haspopup"": ""dialog""}",[],assets/index.html,299,[],False,False
,F004,01 启动、主页与全局入口,main-col,"[""layout"", ""main-col"", ""content"", ""welcome""]",button,w-convert,转换,点击执行所属流程；禁用/隐藏时不执行,复用转换、网页、OCR、AI 对应接口,"{""id"": ""w-convert"", ""class"": ""big-btn welcome-card"", ""title"": ""万物转 MD"", ""data-i18n-title"": ""menu.convert""}",[],assets/index.html,307,"[{""file"": ""assets/js/core/history.js"", ""lines"": [435]}, {""file"": ""assets/js/core/modules.js"", ""lines"": [42]}]",False,False
,F004,01 启动、主页与全局入口,main-col,"[""layout"", ""main-col"", ""content"", ""welcome""]",button,w-web,网页,点击执行所属流程；禁用/隐藏时不执行,复用转换、网页、OCR、AI 对应接口,"{""id"": ""w-web"", ""class"": ""big-btn welcome-card"", ""title"": ""网页转 MD"", ""data-i18n-title"": ""menu.web""}",[],assets/index.html,311,"[{""file"": ""assets/js/core/history.js"", ""lines"": [436]}, {""file"": ""assets/js/core/modules.js"", ""lines"": [42]}]",False,False
,F004,01 启动、主页与全局入口,main-col,"[""layout"", ""main-col"", ""content"", ""welcome""]",button,w-ocr,OCR,点击执行所属流程；禁用/隐藏时不执行,复用转换、网页、OCR、AI 对应接口,"{""id"": ""w-ocr"", ""class"": ""big-btn welcome-card"", ""title"": ""扫描转 MD"", ""data-i18n-title"": ""menu.ocr""}",[],assets/index.html,315,"[{""file"": ""assets/js/core/history.js"", ""lines"": [437]}, {""file"": ""assets/js/core/modules.js"", ""lines"": [42]}]",False,False
,F004,01 启动、主页与全局入口,main-col,"[""layout"", ""main-col"", ""content"", ""welcome""]",button,w-ai,AI 助手 (Ctrl+Shift+A),点击执行所属流程；禁用/隐藏时不执行,复用转换、网页、OCR、AI 对应接口,"{""id"": ""w-ai"", ""class"": ""big-btn welcome-card"", ""title"": ""AI 助手"", ""data-i18n-title"": ""toolbar.ai""}",[],assets/index.html,319,"[{""file"": ""assets/js/core/history.js"", ""lines"": [434]}, {""file"": ""assets/js/core/modules.js"", ""lines"": [42]}]",False,False
,F005,01 启动、主页与全局入口,main-col,"[""layout"", ""main-col"", ""content"", ""welcome"", ""recent-box""]",button,recent-clear,清空记录,点击执行所属流程；禁用/隐藏时不执行,/api/recent/status、add、remove、clear；store.rs 存储最近文件，server.rs 调用,"{""id"": ""recent-clear"", ""class"": ""link-btn"", ""data-i18n"": ""app.clearRecent""}",[],assets/index.html,328,"[{""file"": ""assets/js/core/history.js"", ""lines"": [438]}, {""file"": ""assets/app.js"", ""lines"": [464]}]",False,False
,F096,21 命令面板、快捷键和通用对话框,main-col,"[""layout"", ""main-col"", ""content"", ""welcome""]",button,,命令面板,委托操作：palette,复用各具体功能；MRU、搜索与键位显示前端localStorage,"{""type"": ""button"", ""class"": ""welcome-hint-btn"", ""data-action"": ""palette""}",[],assets/index.html,337,[],False,False
,F096,21 命令面板、快捷键和通用对话框,main-col,"[""layout"", ""main-col"", ""content"", ""welcome""]",button,,? 键盘快捷键,委托操作：shortcuts,复用各具体功能；MRU、搜索与键位显示前端localStorage,"{""type"": ""button"", ""class"": ""welcome-hint-btn"", ""data-action"": ""shortcuts""}",[],assets/index.html,338,[],False,False
,F015,03 目录、搜索、分页和阅读偏好,main-col,"[""layout"", ""main-col"", ""pagination-bar""]",button,pg-first-btn,首页 (Alt+Home),点击执行所属流程；禁用/隐藏时不执行,分块与页切换在前端；初始内容来自 /api/file 或虚拟文档,"{""id"": ""pg-first-btn"", ""class"": ""tb-btn icon"", ""title"": ""首页 (Alt+Home)"", ""aria-label"": ""首页"", ""data-i18n-title"": ""pagination.firstPage"", ""data-i18n-aria"": ""pagination.firstPage""}",[],assets/index.html,354,"[{""file"": ""assets/js/reader/render.js"", ""lines"": [576, 802]}]",False,False
,F015,03 目录、搜索、分页和阅读偏好,main-col,"[""layout"", ""main-col"", ""pagination-bar""]",button,pg-prev-btn,上一页 (Alt+←),点击执行所属流程；禁用/隐藏时不执行,分块与页切换在前端；初始内容来自 /api/file 或虚拟文档,"{""id"": ""pg-prev-btn"", ""class"": ""tb-btn icon"", ""title"": ""上一页 (Alt+←)"", ""aria-label"": ""上一页"", ""data-i18n-title"": ""pagination.prevPage"", ""data-i18n-aria"": ""pagination.prevPage""}",[],assets/index.html,357,"[{""file"": ""assets/js/reader/render.js"", ""lines"": [579, 805]}]",False,False
,F015,03 目录、搜索、分页和阅读偏好,main-col,"[""layout"", ""main-col"", ""pagination-bar""]",select,pg-page-select,选择页码,选择值触发change；完整值/显示文案见本行选项,分块与页切换在前端；初始内容来自 /api/file 或虚拟文档,"{""id"": ""pg-page-select"", ""class"": ""pg-select"", ""aria-label"": ""选择页码"", ""data-i18n-aria"": ""pagination.selectPage""}",[],assets/index.html,361,"[{""file"": ""assets/js/reader/render.js"", ""lines"": [588, 814]}]",False,False
,F015,03 目录、搜索、分页和阅读偏好,main-col,"[""layout"", ""main-col"", ""pagination-bar""]",button,pg-next-btn,下一页 (Alt+→),点击执行所属流程；禁用/隐藏时不执行,分块与页切换在前端；初始内容来自 /api/file 或虚拟文档,"{""id"": ""pg-next-btn"", ""class"": ""tb-btn icon"", ""title"": ""下一页 (Alt+→)"", ""aria-label"": ""下一页"", ""data-i18n-title"": ""pagination.nextPage"", ""data-i18n-aria"": ""pagination.nextPage""}",[],assets/index.html,364,"[{""file"": ""assets/js/reader/render.js"", ""lines"": [582, 808]}]",False,False
,F015,03 目录、搜索、分页和阅读偏好,main-col,"[""layout"", ""main-col"", ""pagination-bar""]",button,pg-last-btn,末页 (Alt+End),点击执行所属流程；禁用/隐藏时不执行,分块与页切换在前端；初始内容来自 /api/file 或虚拟文档,"{""id"": ""pg-last-btn"", ""class"": ""tb-btn icon"", ""title"": ""末页 (Alt+End)"", ""aria-label"": ""末页"", ""data-i18n-title"": ""pagination.lastPage"", ""data-i18n-aria"": ""pagination.lastPage""}",[],assets/index.html,367,"[{""file"": ""assets/js/reader/render.js"", ""lines"": [585, 811]}]",False,False
,F015,03 目录、搜索、分页和阅读偏好,main-col,"[""layout"", ""main-col"", ""pagination-bar""]",button,pg-mode-toggle,切换阅读模式（分页阅读 / 全卷连续）,点击执行所属流程；禁用/隐藏时不执行,分块与页切换在前端；初始内容来自 /api/file 或虚拟文档,"{""id"": ""pg-mode-toggle"", ""class"": ""tb-btn icon pg-toggle-btn"", ""title"": ""切换阅读模式（分页阅读 / 全卷连续）"", ""aria-label"": ""切换阅读模式"", ""aria-pressed"": ""true"", ""data-i18n-title"": ""pagination.toggleTip"", ""data-i18n-aria"": ""pagination.toggleTip""}",[],assets/index.html,372,"[{""file"": ""assets/js/reader/render.js"", ""lines"": [618, 822]}]",False,False
,F021,05 Markdown 编辑工作台,main-col,"[""layout"", ""main-col""]",textarea,edit-area,编辑 (Ctrl+E),点击聚焦并编辑；提交/Enter与验证由所属流程规定,/api/save、/api/dialog/save-as、/api/documents/history → server.rs/content.rs/document_history.rs；不创建旁边.bak,"{""id"": ""edit-area"", ""class"": ""hidden"", ""spellcheck"": ""false"", ""aria-label"": ""Markdown 编辑器"", ""data-i18n-aria"": ""toolbar.edit""}",[],assets/index.html,379,"[{""file"": ""assets/js/core/tabs.js"", ""lines"": [512, 513]}, {""file"": ""assets/js/editor/editor.js"", ""lines"": [170, 176, 1137, 1245]}, {""file"": ""assets/js/editor/preview.js"", ""lines"": [57, 330, 398, 454, 467, 482, 483, 484, 486, 531, 541, 568]}, {""file"": ""assets/js/features/ai.js"", ""lines"": [1863, 2665, 2666]}, {""file"": ""assets/js/features/export.js"", ""lines"": [234]}, {""file"": ""assets/js/reader/render.js"", ""lines"": [1911, 1948]}, {""file"": ""assets/app.js"", ""lines"": [354]}]",True,False
,F045,08 AI 对话与文内改写,main-col,"[""layout"", ""main-col"", ""edit-ai-bar""]",button,edit-ai-close,关闭,点击执行所属流程；禁用/隐藏时不执行,/api/ai/chat 使用共享连接和Skill；修改在编辑器，/api/save 持久化,"{""id"": ""edit-ai-close"", ""class"": ""modal-close-btn"", ""aria-label"": ""关闭"", ""data-i18n-aria"": ""toolbar.close""}",[],assets/index.html,391,"[{""file"": ""assets/js/editor/editor.js"", ""lines"": [1636]}]",False,False
,F045,08 AI 对话与文内改写,main-col,"[""layout"", ""main-col"", ""edit-ai-bar""]",input,edit-ai-input,告诉 AI 如何修改，或直接点击下方快捷动作...,点击聚焦并编辑；提交/Enter与验证由所属流程规定,/api/ai/chat 使用共享连接和Skill；修改在编辑器，/api/save 持久化,"{""id"": ""edit-ai-input"", ""type"": ""text"", ""placeholder"": ""告诉 AI 如何修改，或直接点击下方快捷动作..."", ""data-i18n-placeholder"": ""editai.placeholder"", ""autocomplete"": ""off""}",[],assets/index.html,397,"[{""file"": ""assets/js/editor/editor.js"", ""lines"": [1365, 1394, 1638]}]",False,False
,F045,08 AI 对话与文内改写,main-col,"[""layout"", ""main-col"", ""edit-ai-bar""]",button,edit-ai-submit,发送,点击执行所属流程；禁用/隐藏时不执行,/api/ai/chat 使用共享连接和Skill；修改在编辑器，/api/save 持久化,"{""id"": ""edit-ai-submit"", ""class"": ""btn btn-sm btn-primary"", ""data-i18n"": ""ai.send""}",[],assets/index.html,398,"[{""file"": ""assets/js/editor/editor.js"", ""lines"": [1377, 1423, 1637]}]",False,False
,F045,08 AI 对话与文内改写,main-col,"[""layout"", ""main-col"", ""edit-ai-bar""]",button,,智能续写补全,文内AI快捷动作：complete,/api/ai/chat 使用共享连接和Skill；修改在编辑器，/api/save 持久化,"{""class"": ""edit-ai-act-chip"", ""data-act"": ""complete"", ""data-i18n"": ""editai.actComplete""}",[],assets/index.html,401,[],False,False
,F045,08 AI 对话与文内改写,main-col,"[""layout"", ""main-col"", ""edit-ai-bar""]",button,,润色选中文本,文内AI快捷动作：polish,/api/ai/chat 使用共享连接和Skill；修改在编辑器，/api/save 持久化,"{""class"": ""edit-ai-act-chip"", ""data-act"": ""polish"", ""data-i18n"": ""editai.actPolish""}",[],assets/index.html,402,[],False,False
,F045,08 AI 对话与文内改写,main-col,"[""layout"", ""main-col"", ""edit-ai-bar""]",button,,排版与语法自愈,文内AI快捷动作：fix,/api/ai/chat 使用共享连接和Skill；修改在编辑器，/api/save 持久化,"{""class"": ""edit-ai-act-chip"", ""data-act"": ""fix"", ""data-i18n"": ""editai.actFix""}",[],assets/index.html,403,[],False,False
,F045,08 AI 对话与文内改写,main-col,"[""layout"", ""main-col"", ""edit-ai-bar""]",button,,翻译为英文/中文,文内AI快捷动作：translate,/api/ai/chat 使用共享连接和Skill；修改在编辑器，/api/save 持久化,"{""class"": ""edit-ai-act-chip"", ""data-act"": ""translate"", ""data-i18n"": ""editai.actTranslate""}",[],assets/index.html,404,[],False,False
,F045,08 AI 对话与文内改写,main-col,"[""layout"", ""main-col"", ""edit-ai-bar"", ""edit-ai-preview""]",button,edit-ai-apply,应用替换 (Tab),点击执行所属流程；禁用/隐藏时不执行,/api/ai/chat 使用共享连接和Skill；修改在编辑器，/api/save 持久化,"{""id"": ""edit-ai-apply"", ""class"": ""btn btn-sm btn-accent"", ""data-i18n"": ""editai.apply""}",[],assets/index.html,410,"[{""file"": ""assets/js/editor/editor.js"", ""lines"": [1425, 1535, 1639]}]",False,False
,F045,08 AI 对话与文内改写,main-col,"[""layout"", ""main-col"", ""edit-ai-bar"", ""edit-ai-preview""]",button,edit-ai-insert,插入光标处,点击执行所属流程；禁用/隐藏时不执行,/api/ai/chat 使用共享连接和Skill；修改在编辑器，/api/save 持久化,"{""id"": ""edit-ai-insert"", ""class"": ""btn btn-sm"", ""data-i18n"": ""editai.insert""}",[],assets/index.html,411,"[{""file"": ""assets/js/editor/editor.js"", ""lines"": [1425, 1535, 1640]}]",False,False
,F045,08 AI 对话与文内改写,main-col,"[""layout"", ""main-col"", ""edit-ai-bar"", ""edit-ai-preview""]",button,edit-ai-discard,放弃 (Esc),点击执行所属流程；禁用/隐藏时不执行,/api/ai/chat 使用共享连接和Skill；修改在编辑器，/api/save 持久化,"{""id"": ""edit-ai-discard"", ""class"": ""btn btn-sm"", ""data-i18n"": ""editai.discard""}",[],assets/index.html,412,"[{""file"": ""assets/js/editor/editor.js"", ""lines"": [1641]}]",False,False
,F051,09 AI 连接设置与会话历史,ai-panel,"[""layout"", ""ai-panel""]",button,ai-history-open,会话历史,点击执行所属流程；禁用/隐藏时不执行,/api/ai/history 按 action/list/get/save/delete/rename/clear；store.rs AI 会话持久化,"{""id"": ""ai-history-open"", ""class"": ""tb-btn icon"", ""title"": ""会话历史"", ""aria-label"": ""会话历史"", ""data-i18n-title"": ""ai.historyTitle"", ""data-i18n-aria"": ""ai.historyTitle""}",[],assets/index.html,434,"[{""file"": ""assets/app.js"", ""lines"": [603]}]",False,False
,F046,09 AI 连接设置与会话历史,ai-panel,"[""layout"", ""ai-panel""]",button,ai-settings-open,AI 连接设置,点击执行所属流程；禁用/隐藏时不执行,/api/ai/config → server.rs h_ai_config；ai_providers.rs 提供预设，配置与凭据持久化,"{""id"": ""ai-settings-open"", ""class"": ""tb-btn icon"", ""title"": ""AI 连接设置"", ""aria-label"": ""AI 连接设置"", ""data-i18n-title"": ""ai.settings"", ""data-i18n-aria"": ""ai.settings""}",[],assets/index.html,437,"[{""file"": ""assets/js/features/ai.js"", ""lines"": [142, 160, 163, 1623, 1624]}, {""file"": ""assets/app.js"", ""lines"": [600]}]",False,False
,F041,08 AI 对话与文内改写,ai-panel,"[""layout"", ""ai-panel""]",button,ai-expand-toggle,切换分屏 / 全屏,点击执行所属流程；禁用/隐藏时不执行,/api/modules/load、/api/ai/config、/api/ai/prompts；面板宽度 /api/settings,"{""id"": ""ai-expand-toggle"", ""class"": ""tb-btn icon"", ""title"": ""切换全屏 / 分屏"", ""aria-label"": ""切换全屏或分屏"", ""data-i18n-title"": ""ai.toggleFullscreen"", ""data-i18n-aria"": ""ai.toggleFullscreen""}",[],assets/index.html,440,"[{""file"": ""assets/app.js"", ""lines"": [646]}]",False,False
,F041,08 AI 对话与文内改写,ai-panel,"[""layout"", ""ai-panel""]",button,ai-close,关闭,点击执行所属流程；禁用/隐藏时不执行,/api/modules/load、/api/ai/config、/api/ai/prompts；面板宽度 /api/settings,"{""id"": ""ai-close"", ""class"": ""tb-btn icon"", ""title"": ""关闭"", ""aria-label"": ""关闭 AI 对话"", ""data-i18n-title"": ""toolbar.close"", ""data-i18n-aria"": ""toolbar.close""}",[],assets/index.html,444,"[{""file"": ""assets/js/editor/editor.js"", ""lines"": [1636]}, {""file"": ""assets/app.js"", ""lines"": [599]}]",False,False
,F041,08 AI 对话与文内改写,ai-panel,"[""layout"", ""ai-panel""]",button,ai-jump-latest,↓ 回到最新消息,点击执行所属流程；禁用/隐藏时不执行,/api/modules/load、/api/ai/config、/api/ai/prompts；面板宽度 /api/settings,"{""id"": ""ai-jump-latest"", ""class"": ""tb-btn hidden"", ""data-i18n"": ""ux.latest""}",[],assets/index.html,454,"[{""file"": ""assets/js/features/ai.js"", ""lines"": [154, 2158]}]",True,False
,F042,08 AI 对话与文内改写,ai-panel,"[""layout"", ""ai-panel""]",select,ai-template,Prompt 模版,选择值触发change；完整值/显示文案见本行选项,/api/ai/chat → server.rs h_ai_chat → parity_aichat.rs/ai.rs/ai_providers.rs；普通会话 /api/ai/history,"{""id"": ""ai-template"", ""class"": ""skill-select"", ""title"": ""Prompt 模板：选择后应用到本次对话"", ""data-i18n-title"": ""ai.tplSelectTitle"", ""aria-label"": ""Prompt 模板"", ""data-i18n-aria"": ""ai.tplAria""}",[],assets/index.html,461,"[{""file"": ""assets/js/features/ai.js"", ""lines"": [279, 316, 1934]}, {""file"": ""assets/app.js"", ""lines"": [630]}]",False,False
,F042,08 AI 对话与文内改写,ai-panel,"[""layout"", ""ai-panel""]",button,ai-tpl-btn,模板,点击执行所属流程；禁用/隐藏时不执行,/api/ai/chat → server.rs h_ai_chat → parity_aichat.rs/ai.rs/ai_providers.rs；普通会话 /api/ai/history,"{""id"": ""ai-tpl-btn"", ""class"": ""skill-manage-btn"", ""title"": ""Skill 工作台与导入"", ""data-i18n-title"": ""ai.templateManage"", ""aria-label"": ""Skill 工作台"", ""data-i18n-aria"": ""ai.templateManage""}",[],assets/index.html,463,"[{""file"": ""assets/js/features/ai.js"", ""lines"": [1935]}, {""file"": ""assets/app.js"", ""lines"": [631]}]",False,False
,F042,08 AI 对话与文内改写,ai-panel,"[""layout"", ""ai-panel""]",textarea,ai-prompt,"向 AI 提问，或选择上方快捷指令... (Enter 发送, Shift+Enter 换行)",点击聚焦并编辑；提交/Enter与验证由所属流程规定,/api/ai/chat → server.rs h_ai_chat → parity_aichat.rs/ai.rs/ai_providers.rs；普通会话 /api/ai/history,"{""id"": ""ai-prompt"", ""class"": ""composer-textarea"", ""rows"": ""2"", ""placeholder"": ""向 AI 提问，或选择快捷指令... (Enter 发送, Shift+Enter 换行)"", ""aria-label"": ""向 AI 提问"", ""data-i18n-placeholder"": ""ai.promptPlaceholder"", ""data-i18n-aria"": ""ai.promptPlaceholder"", ""autocomplete"": ""off""}",[],assets/index.html,469,"[{""file"": ""assets/js/editor/editor.js"", ""lines"": [1401, 1402, 1404]}, {""file"": ""assets/js/features/ai.js"", ""lines"": [41, 72, 135, 136, 137, 154, 327, 328, 656, 1325, 1433, 1932, 2066, 2533]}, {""file"": ""assets/js/features/export.js"", ""lines"": [1477]}, {""file"": ""assets/app.js"", ""lines"": [629, 759, 870, 871]}]",False,False
,F042,08 AI 对话与文内改写,ai-panel,"[""layout"", ""ai-panel""]",input,ai-selection,ai-selection,点击切换开关；按所属流程立即保存、仅影响本次任务或待保存表单,/api/ai/chat → server.rs h_ai_chat → parity_aichat.rs/ai.rs/ai_providers.rs；普通会话 /api/ai/history,"{""id"": ""ai-selection"", ""type"": ""checkbox""}",[],assets/index.html,472,"[{""file"": ""assets/js/features/ai.js"", ""lines"": [1873, 1937]}]",False,False
,F042,08 AI 对话与文内改写,ai-panel,"[""layout"", ""ai-panel""]",input,ai-incognito,ai-incognito,点击切换开关；按所属流程立即保存、仅影响本次任务或待保存表单,/api/ai/chat → server.rs h_ai_chat → parity_aichat.rs/ai.rs/ai_providers.rs；普通会话 /api/ai/history,"{""id"": ""ai-incognito"", ""type"": ""checkbox""}",[],assets/index.html,473,"[{""file"": ""assets/js/features/ai.js"", ""lines"": [1938, 2092]}]",False,False
,F042,08 AI 对话与文内改写,ai-panel,"[""layout"", ""ai-panel""]",button,ai-clear-ctx,新对话,点击执行所属流程；禁用/隐藏时不执行,/api/ai/chat → server.rs h_ai_chat → parity_aichat.rs/ai.rs/ai_providers.rs；普通会话 /api/ai/history,"{""id"": ""ai-clear-ctx"", ""class"": ""new-chat-btn"", ""title"": ""开始一轮新对话"", ""data-i18n"": ""ai.newSession"", ""data-i18n-title"": ""ai.newSession""}",[],assets/index.html,477,"[{""file"": ""assets/js/features/ai.js"", ""lines"": [1936]}, {""file"": ""assets/app.js"", ""lines"": [645]}]",False,False
,F042,08 AI 对话与文内改写,ai-panel,"[""layout"", ""ai-panel""]",button,ai-stop,停止,点击执行所属流程；禁用/隐藏时不执行,/api/ai/chat → server.rs h_ai_chat → parity_aichat.rs/ai.rs/ai_providers.rs；普通会话 /api/ai/history,"{""id"": ""ai-stop"", ""class"": ""new-chat-btn hidden"", ""data-i18n"": ""ai.stop"", ""disabled"": null}",[],assets/index.html,478,"[{""file"": ""assets/js/features/ai.js"", ""lines"": [1909]}, {""file"": ""assets/app.js"", ""lines"": [625]}]",True,True
,F042,08 AI 对话与文内改写,ai-panel,"[""layout"", ""ai-panel""]",button,ai-run,发送,点击执行所属流程；禁用/隐藏时不执行,/api/ai/chat → server.rs h_ai_chat → parity_aichat.rs/ai.rs/ai_providers.rs；普通会话 /api/ai/history,"{""id"": ""ai-run"", ""class"": ""send-btn"", ""title"": ""发送 (Enter)"", ""aria-label"": ""发送"", ""data-i18n-title"": ""ai.send"", ""data-i18n-aria"": ""ai.send""}",[],assets/index.html,479,"[{""file"": ""assets/js/features/ai.js"", ""lines"": [1908]}, {""file"": ""assets/app.js"", ""lines"": [624, 629]}]",False,False
,F086,19 桌宠设置、角色库和伴读互动,pet-settings-modal,"[""pet-settings-modal"", ""pet-settings-box""]",button,pet-settings-close,关闭,点击执行所属流程；禁用/隐藏时不执行,/api/pets/status、/api/pets、上游角色目录本地资源；pet_catalog.rs/manifest数据,"{""id"": ""pet-settings-close"", ""class"": ""pet-sheet-close"", ""type"": ""button"", ""aria-label"": ""关闭"", ""data-i18n-aria"": ""toolbar.close""}",[],assets/index.html,498,"[{""file"": ""assets/js/features/pet-batch.js"", ""lines"": [1215]}]",False,False
,F089,19 桌宠设置、角色库和伴读互动,pet-settings-modal,"[""pet-settings-modal"", ""pet-settings-box""]",select,pet-runtime,运行位置,选择值触发change；完整值/显示文案见本行选项,/api/pets/configure → parity_pets.rs/desktop_pet.rs/pet_window_state.rs；保存preferences并配置独立宿主,"{""id"": ""pet-runtime"", ""class"": ""apple-select""}","[{""value"": ""in-app"", ""text"": ""阅读器内""}, {""value"": ""desktop"", ""text"": ""独立桌面（需桌宠扩展）""}]",assets/index.html,523,"[{""file"": ""assets/js/features/pet-batch.js"", ""lines"": [850, 859, 1012, 1013, 1054, 1055, 1085, 1094, 1294]}, {""file"": ""assets/js/features/pet-workbench.js"", ""lines"": [241]}]",False,False
,F087,19 桌宠设置、角色库和伴读互动,pet-settings-modal,"[""pet-settings-modal"", ""pet-settings-box"", ""pet-gallery-row""]",select,pet-gallery,桌宠库,选择值触发change；完整值/显示文案见本行选项,/api/pets/active、configure；parity_pets.rs + desktop_pet.rs；收藏前端localStorage,"{""id"": ""pet-gallery"", ""class"": ""apple-select""}","[{""value"": """", ""text"": ""伴读使者""}]",assets/index.html,530,"[{""file"": ""assets/js/features/pet-batch.js"", ""lines"": [350, 498, 968, 1003, 1008, 1053, 1394, 1414, 1422, 1423, 1600, 1616, 1617]}, {""file"": ""assets/js/features/pet-workbench.js"", ""lines"": [118, 145, 268, 409]}]",False,False
,F088,19 桌宠设置、角色库和伴读互动,pet-settings-modal,"[""pet-settings-modal"", ""pet-settings-box"", ""pet-gallery-row""]",button,pet-gallery-delete,删除,点击执行所属流程；禁用/隐藏时不执行,/api/pets/import、remove、thumb → parity_pets.rs；图资源与目录边界检查,"{""id"": ""pet-gallery-delete"", ""class"": ""tb-btn danger hidden"", ""type"": ""button"", ""data-i18n"": ""pet.gallery.delete""}",[],assets/index.html,531,"[{""file"": ""assets/js/features/pet-batch.js"", ""lines"": [1422, 1600]}]",True,False
,F088,19 桌宠设置、角色库和伴读互动,pet-settings-modal,"[""pet-settings-modal"", ""pet-settings-box"", ""pet-gallery-row""]",input,pet-gallery-import,导入精灵图,由可见导入/选择按钮触发文件选择；change进入相应处理流程,/api/pets/import、remove、thumb → parity_pets.rs；图资源与目录边界检查,"{""id"": ""pet-gallery-import"", ""type"": ""file"", ""accept"": ""image/png,image/webp"", ""hidden"": null}",[],assets/index.html,533,"[{""file"": ""assets/js/features/pet-batch.js"", ""lines"": [1394]}]",False,False
,F089,19 桌宠设置、角色库和伴读互动,pet-settings-modal,"[""pet-settings-modal"", ""pet-settings-box""]",input,pet-enabled,启用桌宠,点击切换开关；按所属流程立即保存、仅影响本次任务或待保存表单,/api/pets/configure → parity_pets.rs/desktop_pet.rs/pet_window_state.rs；保存preferences并配置独立宿主,"{""id"": ""pet-enabled"", ""class"": ""plugin-switch-input"", ""type"": ""checkbox"", ""data-i18n-aria"": ""pet.enable""}",[],assets/index.html,541,"[{""file"": ""assets/js/features/pet-batch.js"", ""lines"": [695, 843, 1048, 1293]}, {""file"": ""assets/js/features/pet-workbench.js"", ""lines"": [178]}]",False,False
,F087,19 桌宠设置、角色库和伴读互动,pet-settings-modal,"[""pet-settings-modal"", ""pet-settings-box"", ""pet-renderer-row""]",select,pet-renderer,渲染器,选择值触发change；完整值/显示文案见本行选项,/api/pets/active、configure；parity_pets.rs + desktop_pet.rs；收藏前端localStorage,"{""id"": ""pet-renderer"", ""class"": ""apple-select"", ""data-i18n-aria"": ""pet.renderer""}","[{""value"": ""hermes-sprite"", ""text"": ""精灵图""}, {""value"": ""live2d"", ""text"": ""Live2D""}]",assets/index.html,551,"[{""file"": ""assets/js/features/pet-batch.js"", ""lines"": [844, 1051, 1122, 1450, 1638]}, {""file"": ""assets/js/features/pet-workbench.js"", ""lines"": [131, 136, 236, 270, 403, 420]}]",False,False
,F089,19 桌宠设置、角色库和伴读互动,pet-settings-modal,"[""pet-settings-modal"", ""pet-settings-box""]",input,pet-scale,大小,拖动或方向键调整；input即时反馈，change按所属流程提交,/api/pets/configure → parity_pets.rs/desktop_pet.rs/pet_window_state.rs；保存preferences并配置独立宿主,"{""id"": ""pet-scale"", ""type"": ""range"", ""class"": ""apple-range"", ""min"": ""8"", ""max"": ""48"", ""value"": ""22"", ""step"": ""1"", ""data-i18n-aria"": ""pet.size""}",[],assets/index.html,564,"[{""file"": ""assets/js/features/pet-batch.js"", ""lines"": [845, 1018, 1036, 1049, 1453, 1455]}]",False,False
,F089,19 桌宠设置、角色库和伴读互动,pet-settings-modal,"[""pet-settings-modal"", ""pet-settings-box""]",input,pet-opacity,不透明度,拖动或方向键调整；input即时反馈，change按所属流程提交,/api/pets/configure → parity_pets.rs/desktop_pet.rs/pet_window_state.rs；保存preferences并配置独立宿主,"{""id"": ""pet-opacity"", ""type"": ""range"", ""class"": ""apple-range"", ""min"": ""35"", ""max"": ""100"", ""value"": ""100"", ""step"": ""1"", ""data-i18n-aria"": ""pet.opacity""}",[],assets/index.html,575,"[{""file"": ""assets/js/features/pet-batch.js"", ""lines"": [846, 1019, 1037, 1050, 1454, 1456]}]",False,False
,F091,19 桌宠设置、角色库和伴读互动,pet-settings-modal,"[""pet-settings-modal"", ""pet-settings-box""]",input,pet-bubble-toggle,伴读提示气泡,点击切换开关；按所属流程立即保存、仅影响本次任务或待保存表单,/api/pets/interact、configure → parity_pets.rs 持久化companion状态/冷却/恢复,"{""id"": ""pet-bubble-toggle"", ""class"": ""plugin-switch-input"", ""type"": ""checkbox"", ""checked"": null, ""data-i18n-aria"": ""pet.bubbleEnable""}",[],assets/index.html,586,"[{""file"": ""assets/js/features/pet-batch.js"", ""lines"": [794, 854, 1065, 1292]}, {""file"": ""assets/js/features/pet-workbench.js"", ""lines"": [118]}]",False,False
,F089,19 桌宠设置、角色库和伴读互动,pet-settings-modal,"[""pet-settings-modal"", ""pet-settings-box""]",input,pet-topmost,保持置顶,点击切换开关；按所属流程立即保存、仅影响本次任务或待保存表单,/api/pets/configure → parity_pets.rs/desktop_pet.rs/pet_window_state.rs；保存preferences并配置独立宿主,"{""id"": ""pet-topmost"", ""class"": ""plugin-switch-input"", ""type"": ""checkbox"", ""checked"": null, ""data-i18n-aria"": ""pet.alwaysOnTop""}",[],assets/index.html,594,"[{""file"": ""assets/js/features/pet-batch.js"", ""lines"": [854, 1063, 1292]}]",False,False
,F089,19 桌宠设置、角色库和伴读互动,pet-settings-modal,"[""pet-settings-modal"", ""pet-settings-box""]",input,pet-lock-position,锁定位置,点击切换开关；按所属流程立即保存、仅影响本次任务或待保存表单,/api/pets/configure → parity_pets.rs/desktop_pet.rs/pet_window_state.rs；保存preferences并配置独立宿主,"{""id"": ""pet-lock-position"", ""class"": ""plugin-switch-input"", ""type"": ""checkbox"", ""data-i18n-aria"": ""pet.lockPosition""}",[],assets/index.html,598,"[{""file"": ""assets/js/features/pet-batch.js"", ""lines"": [611, 854, 1064, 1292]}]",False,False
,F089,19 桌宠设置、角色库和伴读互动,pet-settings-modal,"[""pet-settings-modal"", ""pet-settings-box""]",input,pet-sound,BongoCat 按键音效,点击切换开关；按所属流程立即保存、仅影响本次任务或待保存表单,/api/pets/configure → parity_pets.rs/desktop_pet.rs/pet_window_state.rs；保存preferences并配置独立宿主,"{""id"": ""pet-sound"", ""class"": ""plugin-switch-input"", ""type"": ""checkbox"", ""data-i18n-aria"": ""pet.sound""}",[],assets/index.html,602,"[{""file"": ""assets/js/features/pet-batch.js"", ""lines"": [854, 996, 1067, 1292]}]",False,False
,F089,19 桌宠设置、角色库和伴读互动,pet-settings-modal,"[""pet-settings-modal"", ""pet-settings-box""]",button,pet-reset-pos,重置桌宠位置,点击执行所属流程；禁用/隐藏时不执行,/api/pets/configure → parity_pets.rs/desktop_pet.rs/pet_window_state.rs；保存preferences并配置独立宿主,"{""id"": ""pet-reset-pos"", ""class"": ""tb-btn secondary"", ""type"": ""button""}",[],assets/index.html,620,"[{""file"": ""assets/js/features/pet-batch.js"", ""lines"": [1222]}]",False,False
,F090,19 桌宠设置、角色库和伴读互动,pet-settings-modal,"[""pet-settings-modal"", ""pet-settings-box""]",button,pet-install-runtime,一键安装桌面扩展,点击执行所属流程；禁用/隐藏时不执行,/api/pets/runtime/install、install、uninstall、check_update、apply_update、update_status → parity_pets.rs/pet_launcher.rs,"{""id"": ""pet-install-runtime"", ""class"": ""tb-btn secondary"", ""type"": ""button"", ""data-i18n"": ""pet.runtime.install""}",[],assets/index.html,625,"[{""file"": ""assets/js/features/pet-batch.js"", ""lines"": [863, 1296, 1378, 1379, 1579]}]",False,False
,F090,19 桌宠设置、角色库和伴读互动,pet-settings-modal,"[""pet-settings-modal"", ""pet-settings-box""]",button,pet-install,立即安装,点击执行所属流程；禁用/隐藏时不执行,/api/pets/runtime/install、install、uninstall、check_update、apply_update、update_status → parity_pets.rs/pet_launcher.rs,"{""id"": ""pet-install"", ""class"": ""tb-btn accent"", ""type"": ""button"", ""data-i18n"": ""pet.install""}",[],assets/index.html,626,"[{""file"": ""assets/js/features/pet-batch.js"", ""lines"": [862, 863, 1225, 1226, 1296, 1297, 1378, 1379, 1579]}]",False,False
,F092,19 桌宠设置、角色库和伴读互动,readmd-pet-widget,"[""readmd-pet-widget""]",div,pet-character-wrap,伴读桌宠交互区,点击执行所属流程；禁用/隐藏时不执行,/api/pets/configure + 前端位置/状态；阅读器内输入反馈仅当前页面事件,"{""class"": ""pet-widget-character-wrap"", ""id"": ""pet-character-wrap"", ""tabindex"": ""0"", ""role"": ""button"", ""aria-label"": ""与桌宠互动"", ""data-i18n-aria"": ""pet.characterAria""}",[],assets/index.html,638,"[{""file"": ""assets/js/features/pet-batch.js"", ""lines"": [578]}]",False,False
,F092,19 桌宠设置、角色库和伴读互动,readmd-pet-widget,"[""readmd-pet-widget""]",button,pet-quick-settings,桌宠设置,点击执行所属流程；禁用/隐藏时不执行,/api/pets/configure + 前端位置/状态；阅读器内输入反馈仅当前页面事件,"{""class"": ""pet-quick-btn"", ""id"": ""pet-quick-settings"", ""title"": ""桌宠设置"", ""aria-label"": ""桌宠设置"", ""data-i18n-title"": ""pet.settingsTitle"", ""data-i18n-aria"": ""pet.settingsTitle""}",[],assets/index.html,646,"[{""file"": ""assets/js/features/pet-batch.js"", ""lines"": [688]}]",False,False
,F092,19 桌宠设置、角色库和伴读互动,readmd-pet-widget,"[""readmd-pet-widget""]",button,pet-quick-hide,收起桌宠,点击执行所属流程；禁用/隐藏时不执行,/api/pets/configure + 前端位置/状态；阅读器内输入反馈仅当前页面事件,"{""class"": ""pet-quick-btn"", ""id"": ""pet-quick-hide"", ""title"": ""收起桌宠"", ""aria-label"": ""收起桌宠"", ""data-i18n-title"": ""pet.hideTitle"", ""data-i18n-aria"": ""pet.hideTitle""}",[],assets/index.html,649,"[{""file"": ""assets/js/features/pet-batch.js"", ""lines"": [693]}]",False,False
,F046,09 AI 连接设置与会话历史,ai-settings-modal,"[""ai-settings-modal"", ""ai-settings-box""]",button,ai-settings-close,关闭,点击执行所属流程；禁用/隐藏时不执行,/api/ai/config → server.rs h_ai_config；ai_providers.rs 提供预设，配置与凭据持久化,"{""id"": ""ai-settings-close"", ""class"": ""tb-btn icon modal-close-btn"", ""aria-label"": ""关闭连接设置"", ""data-i18n-aria"": ""toolbar.close""}",[],assets/index.html,660,"[{""file"": ""assets/app.js"", ""lines"": [601]}]",False,False
,F046,09 AI 连接设置与会话历史,ai-settings-modal,"[""ai-settings-modal"", ""ai-settings-box""]",select,ai-provider,提供商,选择值触发change；完整值/显示文案见本行选项,/api/ai/config → server.rs h_ai_config；ai_providers.rs 提供预设，配置与凭据持久化,"{""id"": ""ai-provider"", ""title"": ""选择提供商（预设或自定义）"", ""data-i18n-title"": ""ai.provider""}",[],assets/index.html,669,"[{""file"": ""assets/js/features/ai.js"", ""lines"": [1225, 1437, 1526, 1540, 1541, 1551, 1560, 1570, 1578, 1671, 1672, 1673, 1743, 1785, 2353]}, {""file"": ""assets/app.js"", ""lines"": [610, 611, 612, 614, 615]}]",False,False
,F047,09 AI 连接设置与会话历史,ai-settings-modal,"[""ai-settings-modal"", ""ai-settings-box""]",button,ai-provider-new,新建自定义连接,点击执行所属流程；禁用/隐藏时不执行,/api/ai/config POST 保存/删除、/api/ai/models GET/POST 拉模型目录,"{""id"": ""ai-provider-new"", ""class"": ""tb-btn icon"", ""title"": ""新建自定义连接"", ""aria-label"": ""新建自定义连接"", ""data-i18n-title"": ""ai.newProvider"", ""data-i18n-aria"": ""ai.newProvider""}",[],assets/index.html,670,"[{""file"": ""assets/app.js"", ""lines"": [614]}]",False,False
,F047,09 AI 连接设置与会话历史,ai-settings-modal,"[""ai-settings-modal"", ""ai-settings-box""]",button,ai-provider-delete,删除当前自定义连接,点击执行所属流程；禁用/隐藏时不执行,/api/ai/config POST 保存/删除、/api/ai/models GET/POST 拉模型目录,"{""id"": ""ai-provider-delete"", ""class"": ""tb-btn icon"", ""title"": ""删除当前自定义连接"", ""aria-label"": ""删除当前自定义连接"", ""data-i18n-title"": ""ai.deleteProvider"", ""data-i18n-aria"": ""ai.deleteProvider""}",[],assets/index.html,671,"[{""file"": ""assets/js/features/ai.js"", ""lines"": [1673]}, {""file"": ""assets/app.js"", ""lines"": [615]}]",False,False
,F047,09 AI 连接设置与会话历史,ai-settings-modal,"[""ai-settings-modal"", ""ai-settings-box""]",select,ai-model,模型,选择值触发change；完整值/显示文案见本行选项,/api/ai/config POST 保存/删除、/api/ai/models GET/POST 拉模型目录,"{""id"": ""ai-model"", ""title"": ""选择模型"", ""data-i18n-title"": ""ai.model""}",[],assets/index.html,677,"[{""file"": ""assets/js/features/ai.js"", ""lines"": [190, 191, 675, 1227, 1438, 1562, 1584, 1649, 1812, 1814, 1973, 1988, 2093, 2305, 2353]}, {""file"": ""assets/app.js"", ""lines"": [612, 620, 621]}]",False,False
,F047,09 AI 连接设置与会话历史,ai-settings-modal,"[""ai-settings-modal"", ""ai-settings-box""]",button,ai-models-btn,获取模型,点击执行所属流程；禁用/隐藏时不执行,/api/ai/config POST 保存/删除、/api/ai/models GET/POST 拉模型目录,"{""id"": ""ai-models-btn"", ""class"": ""tb-btn"", ""title"": ""通过 API Key 获取可用模型列表"", ""data-i18n"": ""ai.fetchModels"", ""data-i18n-title"": ""ai.fetchModels""}",[],assets/index.html,678,"[{""file"": ""assets/js/features/ai.js"", ""lines"": [1973, 2305]}, {""file"": ""assets/app.js"", ""lines"": [620]}]",False,False
,F048,09 AI 连接设置与会话历史,ai-settings-modal,"[""ai-settings-modal"", ""ai-settings-box""]",input,ai-key,必填（本地 Ollama 可留空）,点击聚焦并编辑；提交/Enter与验证由所属流程规定,/api/ai/config POST 保存 key/clear_key；读取使用 has_key/credential_id 等句柄信息,"{""id"": ""ai-key"", ""type"": ""password"", ""placeholder"": ""必填（本地 Ollama 可留空）"", ""data-i18n-placeholder"": ""ai.apiKeyPlaceholder"", ""autocomplete"": ""off""}",[],assets/index.html,684,"[{""file"": ""assets/js/features/ai.js"", ""lines"": [1611, 1682, 1685, 1686, 1773, 1954, 2008, 2010, 2011, 2020]}, {""file"": ""assets/app.js"", ""lines"": [618, 619]}]",False,False
,F048,09 AI 连接设置与会话历史,ai-settings-modal,"[""ai-settings-modal"", ""ai-settings-box""]",button,ai-key-toggle,显示 / 隐藏,点击执行所属流程；禁用/隐藏时不执行,/api/ai/config POST 保存 key/clear_key；读取使用 has_key/credential_id 等句柄信息,"{""id"": ""ai-key-toggle"", ""aria-pressed"": ""false"", ""class"": ""tb-btn icon"", ""title"": ""显示 / 隐藏"", ""aria-label"": ""显示或隐藏 API Key"", ""data-i18n-title"": ""ai.toggleKey"", ""data-i18n-aria"": ""ai.toggleKey""}",[],assets/index.html,685,"[{""file"": ""assets/js/features/ai.js"", ""lines"": [1685, 1686, 2010, 2011]}, {""file"": ""assets/app.js"", ""lines"": [618]}]",False,False
,F048,09 AI 连接设置与会话历史,ai-settings-modal,"[""ai-settings-modal"", ""ai-settings-box""]",button,ai-key-clear,清除已保存的 API Key,点击执行所属流程；禁用/隐藏时不执行,/api/ai/config POST 保存 key/clear_key；读取使用 has_key/credential_id 等句柄信息,"{""id"": ""ai-key-clear"", ""class"": ""tb-btn icon"", ""title"": ""清除已保存的 API Key"", ""aria-label"": ""清除已保存的 API Key"", ""data-i18n-title"": ""ai.clearKey"", ""data-i18n-aria"": ""ai.clearKey""}",[],assets/index.html,688,"[{""file"": ""assets/app.js"", ""lines"": [619]}]",False,False
,F046,09 AI 连接设置与会话历史,ai-settings-modal,"[""ai-settings-modal"", ""ai-settings-box""]",summary,,高级参数,点击/Enter展开或折叠所在details；不直接调用业务API,/api/ai/config → server.rs h_ai_config；ai_providers.rs 提供预设，配置与凭据持久化,"{""data-i18n"": ""ai.advanced""}",[],assets/index.html,694,[],False,False
,F049,09 AI 连接设置与会话历史,ai-settings-modal,"[""ai-settings-modal"", ""ai-settings-box""]",input,ai-provider-name,我的 AI 连接,点击聚焦并编辑；提交/Enter与验证由所属流程规定,/api/ai/config；配置字段与 AI 请求协议归一化见 ai.rs/parity_aichat.rs,"{""id"": ""ai-provider-name"", ""type"": ""text"", ""placeholder"": ""我的 AI 连接"", ""data-i18n-placeholder"": ""ai.customNamePlaceholder"", ""maxlength"": ""60"", ""autocomplete"": ""off""}",[],assets/index.html,698,"[{""file"": ""assets/js/features/ai.js"", ""lines"": [1671, 1672, 1743, 1785]}]",False,False
,F049,09 AI 连接设置与会话历史,ai-settings-modal,"[""ai-settings-modal"", ""ai-settings-box""]",input,ai-base-url,Base URL,点击聚焦并编辑；提交/Enter与验证由所属流程规定,/api/ai/config；配置字段与 AI 请求协议归一化见 ai.rs/parity_aichat.rs,"{""id"": ""ai-base-url"", ""type"": ""text"", ""placeholder"": ""https://api.example.com/v1"", ""autocomplete"": ""off"", ""spellcheck"": ""false""}",[],assets/index.html,703,"[{""file"": ""assets/js/features/ai.js"", ""lines"": [1665, 1774, 1953, 2028, 2095, 2320]}]",False,False
,F049,09 AI 连接设置与会话历史,ai-settings-modal,"[""ai-settings-modal"", ""ai-settings-box""]",button,ai-url-reset,恢复预设地址,点击执行所属流程；禁用/隐藏时不执行,/api/ai/config；配置字段与 AI 请求协议归一化见 ai.rs/parity_aichat.rs,"{""id"": ""ai-url-reset"", ""class"": ""tb-btn icon"", ""title"": ""恢复预设地址"", ""aria-label"": ""恢复预设地址"", ""data-i18n-title"": ""ai.resetUrl"", ""data-i18n-aria"": ""ai.resetUrl""}",[],assets/index.html,704,"[{""file"": ""assets/app.js"", ""lines"": [617]}]",False,False
,F049,09 AI 连接设置与会话历史,ai-settings-modal,"[""ai-settings-modal"", ""ai-settings-box""]",select,ai-mode,响应方式,选择值触发change；完整值/显示文案见本行选项,/api/ai/config；配置字段与 AI 请求协议归一化见 ai.rs/parity_aichat.rs,"{""id"": ""ai-mode"", ""title"": ""接口协议 / 端点"", ""data-i18n-title"": ""ai.protocol""}","[{""value"": ""auto"", ""text"": ""自动（按提供商）""}, {""value"": ""chat"", ""text"": ""OpenAI chat/completions""}, {""value"": ""completion"", ""text"": ""OpenAI completions""}, {""value"": ""responses"", ""text"": ""OpenAI responses""}, {""value"": ""messages"", ""text"": ""Anthropic messages""}]",assets/index.html,711,"[{""file"": ""assets/js/features/ai.js"", ""lines"": [190, 191, 675, 1227, 1438, 1562, 1584, 1649, 1667, 1775, 1812, 1814, 1955, 1973, 1988, 2030, 2093, 2094, 2305, 2320, 2353]}, {""file"": ""assets/app.js"", ""lines"": [612, 616, 620, 621]}]",False,False
,F049,09 AI 连接设置与会话历史,ai-settings-modal,"[""ai-settings-modal"", ""ai-settings-box""]",select,ai-endpoint-mode,选择 URL 是前缀还是完整端点,选择值触发change；完整值/显示文案见本行选项,/api/ai/config；配置字段与 AI 请求协议归一化见 ai.rs/parity_aichat.rs,"{""id"": ""ai-endpoint-mode"", ""title"": ""选择 URL 是前缀还是完整端点"", ""data-i18n-title"": ""ai.endpointModeTip""}","[{""value"": ""prefix"", ""text"": ""Base URL（自动追加接口路径）""}, {""value"": ""full_url"", ""text"": ""完整接口 URL（不追加路径）""}]",assets/index.html,721,"[{""file"": ""assets/js/features/ai.js"", ""lines"": [1668, 1776, 1956, 2097, 2321]}]",False,False
,F049,09 AI 连接设置与会话历史,ai-settings-modal,"[""ai-settings-modal"", ""ai-settings-box""]",textarea,ai-headers,自定义请求头（JSON，可选）,点击聚焦并编辑；提交/Enter与验证由所属流程规定,/api/ai/config；配置字段与 AI 请求协议归一化见 ai.rs/parity_aichat.rs,"{""id"": ""ai-headers"", ""rows"": ""3"", ""placeholder"": ""{\""X-Organization\"":\""example\""}"", ""spellcheck"": ""false"", ""autocomplete"": ""off""}",[],assets/index.html,728,"[{""file"": ""assets/js/features/ai.js"", ""lines"": [1638, 1674]}]",False,False
,F049,09 AI 连接设置与会话历史,ai-settings-modal,"[""ai-settings-modal"", ""ai-settings-box""]",input,ai-stream,ai-stream,点击切换开关；按所属流程立即保存、仅影响本次任务或待保存表单,/api/ai/config；配置字段与 AI 请求协议归一化见 ai.rs/parity_aichat.rs,"{""id"": ""ai-stream"", ""type"": ""checkbox"", ""checked"": null}",[],assets/index.html,731,"[{""file"": ""assets/js/features/ai.js"", ""lines"": [2096]}]",False,False
,F046,09 AI 连接设置与会话历史,ai-settings-modal,"[""ai-settings-modal"", ""ai-settings-box""]",summary,,提供商目录,点击/Enter展开或折叠所在details；不直接调用业务API,/api/ai/config → server.rs h_ai_config；ai_providers.rs 提供预设，配置与凭据持久化,"{""data-i18n"": ""ai.providerDirectory""}",[],assets/index.html,735,[],False,False
,F046,09 AI 连接设置与会话历史,ai-settings-modal,"[""ai-settings-modal"", ""ai-settings-box""]",input,ai-provider-search,搜索/过滤提供商…,点击聚焦并编辑；提交/Enter与验证由所属流程规定,/api/ai/config → server.rs h_ai_config；ai_providers.rs 提供预设，配置与凭据持久化,"{""id"": ""ai-provider-search"", ""type"": ""search"", ""placeholder"": ""搜索/过滤提供商…"", ""aria-label"": ""搜索提供商"", ""data-i18n-placeholder"": ""ai.providerSearchPlaceholder"", ""data-i18n-aria"": ""ai.providerSearchPlaceholder"", ""autocomplete"": ""off"", ""spellcheck"": ""false""}",[],assets/index.html,737,"[{""file"": ""assets/js/features/ai.js"", ""lines"": [1541]}, {""file"": ""assets/app.js"", ""lines"": [611]}]",False,False
,F049,09 AI 连接设置与会话历史,ai-settings-modal,"[""ai-settings-modal"", ""ai-settings-box""]",button,ai-save-key,保存连接设置,点击执行所属流程；禁用/隐藏时不执行,/api/ai/config；配置字段与 AI 请求协议归一化见 ai.rs/parity_aichat.rs,"{""id"": ""ai-save-key"", ""class"": ""tb-btn accent"", ""data-i18n"": ""ai.saveSettings""}",[],assets/index.html,745,"[{""file"": ""assets/js/features/ai.js"", ""lines"": [2304]}, {""file"": ""assets/app.js"", ""lines"": [623]}]",False,False
,F050,09 AI 连接设置与会话历史,ai-settings-modal,"[""ai-settings-modal"", ""ai-settings-box""]",button,ai-test-connection,测试连接,点击执行所属流程；禁用/隐藏时不执行,/api/ai/config 后 /api/ai/models；后端读取凭据并调用提供商,"{""id"": ""ai-test-connection"", ""class"": ""tb-btn"", ""data-i18n"": ""ai.testConnection""}",[],assets/index.html,746,"[{""file"": ""assets/js/features/ai.js"", ""lines"": [2302]}, {""file"": ""assets/app.js"", ""lines"": [622]}]",False,False
,F051,09 AI 连接设置与会话历史,ai-history-modal,"[""ai-history-modal"", ""ai-history-box""]",button,ai-history-close,关闭,点击执行所属流程；禁用/隐藏时不执行,/api/ai/history 按 action/list/get/save/delete/rename/clear；store.rs AI 会话持久化,"{""id"": ""ai-history-close"", ""class"": ""tb-btn icon modal-close-btn"", ""aria-label"": ""关闭会话历史"", ""data-i18n-aria"": ""toolbar.close""}",[],assets/index.html,757,"[{""file"": ""assets/app.js"", ""lines"": [604]}]",False,False
,F051,09 AI 连接设置与会话历史,ai-history-modal,"[""ai-history-modal"", ""ai-history-box""]",input,ai-history-search,搜索历史会话...,点击聚焦并编辑；提交/Enter与验证由所属流程规定,/api/ai/history 按 action/list/get/save/delete/rename/clear；store.rs AI 会话持久化,"{""id"": ""ai-history-search"", ""type"": ""search"", ""placeholder"": ""搜索历史会话..."", ""data-i18n-placeholder"": ""ai.searchHistory"", ""aria-label"": ""搜索会话历史"", ""data-i18n-aria"": ""ai.searchHistory""}",[],assets/index.html,761,"[{""file"": ""assets/js/features/ai.js"", ""lines"": [1163]}, {""file"": ""assets/app.js"", ""lines"": [606]}]",False,False
,F051,09 AI 连接设置与会话历史,ai-history-modal,"[""ai-history-modal"", ""ai-history-box""]",button,ai-history-copy,复制回答,点击执行所属流程；禁用/隐藏时不执行,/api/ai/history 按 action/list/get/save/delete/rename/clear；store.rs AI 会话持久化,"{""id"": ""ai-history-copy"", ""class"": ""tb-btn"", ""data-i18n"": ""ai.copy""}",[],assets/index.html,763,"[{""file"": ""assets/app.js"", ""lines"": [607]}]",False,False
,F051,09 AI 连接设置与会话历史,ai-history-modal,"[""ai-history-modal"", ""ai-history-box""]",button,ai-history-export,导出记录,点击执行所属流程；禁用/隐藏时不执行,/api/ai/history 按 action/list/get/save/delete/rename/clear；store.rs AI 会话持久化,"{""id"": ""ai-history-export"", ""class"": ""tb-btn"", ""data-i18n"": ""ai.exportHistory""}",[],assets/index.html,763,"[{""file"": ""assets/app.js"", ""lines"": [608]}]",False,False
,F051,09 AI 连接设置与会话历史,ai-history-modal,"[""ai-history-modal"", ""ai-history-box""]",button,ai-history-clear,清空历史,点击执行所属流程；禁用/隐藏时不执行,/api/ai/history 按 action/list/get/save/delete/rename/clear；store.rs AI 会话持久化,"{""id"": ""ai-history-clear"", ""class"": ""tb-btn"", ""data-i18n"": ""ai.clearHistory""}",[],assets/index.html,763,"[{""file"": ""assets/app.js"", ""lines"": [609]}]",False,False
,F051,09 AI 连接设置与会话历史,ai-history-modal,"[""ai-history-modal"", ""ai-history-box""]",select,ai-session,ai-session,选择值触发change；完整值/显示文案见本行选项,/api/ai/history 按 action/list/get/save/delete/rename/clear；store.rs AI 会话持久化,"{""id"": ""ai-session"", ""class"": ""hidden"", ""aria-hidden"": ""true""}",[],assets/index.html,765,"[{""file"": ""assets/js/features/ai.js"", ""lines"": [1179, 1216, 1452, 1459, 1483, 2352, 2369]}, {""file"": ""assets/app.js"", ""lines"": [642]}]",True,False
,F051,09 AI 连接设置与会话历史,ai-history-modal,"[""ai-history-modal"", ""ai-history-box""]",button,ai-save-session,保存,点击执行所属流程；禁用/隐藏时不执行,/api/ai/history 按 action/list/get/save/delete/rename/clear；store.rs AI 会话持久化,"{""id"": ""ai-save-session"", ""class"": ""hidden"", ""tabindex"": ""-1"", ""data-i18n"": ""ai.save""}",[],assets/index.html,766,"[{""file"": ""assets/app.js"", ""lines"": [643]}]",True,False
,F051,09 AI 连接设置与会话历史,ai-history-modal,"[""ai-history-modal"", ""ai-history-box""]",button,ai-del-session,删除,点击执行所属流程；禁用/隐藏时不执行,/api/ai/history 按 action/list/get/save/delete/rename/clear；store.rs AI 会话持久化,"{""id"": ""ai-del-session"", ""class"": ""hidden"", ""tabindex"": ""-1"", ""data-i18n"": ""ai.delete""}",[],assets/index.html,766,"[{""file"": ""assets/app.js"", ""lines"": [644]}]",True,False
,F005,01 启动、主页与全局入口,history-modal,"[""history-modal"", ""history-box""]",button,history-close,关闭,点击执行所属流程；禁用/隐藏时不执行,/api/recent/status、add、remove、clear；store.rs 存储最近文件，server.rs 调用,"{""id"": ""history-close"", ""class"": ""tb-btn icon"", ""aria-label"": ""关闭"", ""data-i18n-aria"": ""toolbar.close""}",[],assets/index.html,778,"[{""file"": ""assets/js/features/document-history.js"", ""lines"": [102, 104, 172]}, {""file"": ""assets/app.js"", ""lines"": [466, 604]}]",False,False
,F005,01 启动、主页与全局入口,history-modal,"[""history-modal"", ""history-box""]",button,history-clear,清空记录,点击执行所属流程；禁用/隐藏时不执行,/api/recent/status、add、remove、clear；store.rs 存储最近文件，server.rs 调用,"{""id"": ""history-clear"", ""class"": ""tb-btn"", ""data-i18n"": ""app.clearRecent""}",[],assets/index.html,782,"[{""file"": ""assets/js/core/history.js"", ""lines"": [191]}, {""file"": ""assets/app.js"", ""lines"": [465, 609]}]",False,False
,F030,06 插入图片、表格、公式和高级块,img-modal,"[""img-modal"", ""img-box""]",button,img-close-x,关闭,点击执行所属流程；禁用/隐藏时不执行,/api/image/save → server.rs h_image_save；资源路径与编码验证,"{""id"": ""img-close-x"", ""class"": ""tb-btn icon"", ""aria-label"": ""关闭"", ""data-i18n-aria"": ""toolbar.close""}",[],assets/index.html,791,"[{""file"": ""assets/app.js"", ""lines"": [413]}]",False,False
,F028,06 插入图片、表格、公式和高级块,img-modal,"[""img-modal"", ""img-box""]",button,img-file,选择本地图片…,点击执行所属流程；禁用/隐藏时不执行,选择本地图片浏览器 FileReader；URL 生成源码；本地编辑后的结果 /api/image/save,"{""id"": ""img-file"", ""class"": ""tb-btn accent"", ""data-i18n"": ""img.selectLocal""}",[],assets/index.html,793,"[{""file"": ""assets/app.js"", ""lines"": [388, 389]}]",False,False
,F028,06 插入图片、表格、公式和高级块,img-modal,"[""img-modal"", ""img-box""]",input,img-url-input,或粘贴图片 URL 直接插入,点击聚焦并编辑；提交/Enter与验证由所属流程规定,选择本地图片浏览器 FileReader；URL 生成源码；本地编辑后的结果 /api/image/save,"{""id"": ""img-url-input"", ""type"": ""text"", ""placeholder"": ""或粘贴图片 URL 直接插入"", ""aria-label"": ""图片 URL"", ""data-i18n-placeholder"": ""img.urlPlaceholder"", ""data-i18n-aria"": ""img.urlPlaceholder"", ""autocomplete"": ""off""}",[],assets/index.html,794,"[{""file"": ""assets/js/editor/image.js"", ""lines"": [329]}, {""file"": ""assets/app.js"", ""lines"": [395]}]",False,False
,F028,06 插入图片、表格、公式和高级块,img-modal,"[""img-modal"", ""img-box""]",button,img-url-load,插入 URL,点击执行所属流程；禁用/隐藏时不执行,选择本地图片浏览器 FileReader；URL 生成源码；本地编辑后的结果 /api/image/save,"{""id"": ""img-url-load"", ""class"": ""tb-btn"", ""data-i18n"": ""img.insertUrl""}",[],assets/index.html,795,"[{""file"": ""assets/app.js"", ""lines"": [394]}]",False,False
,F029,06 插入图片、表格、公式和高级块,img-modal,"[""img-modal"", ""img-box"", ""img-stage"", ""img-crop""]",button,,左上裁剪手柄,点击执行所属流程；禁用/隐藏时不执行,Canvas 本地变换；尚未点击插入时不改正文或原图文件,"{""class"": ""crop-handle crop-nw"", ""data-handle"": ""nw"", ""aria-label"": ""左上裁剪手柄"", ""data-i18n-aria"": ""img.cropHandleNw""}",[],assets/index.html,802,[],False,False
,F029,06 插入图片、表格、公式和高级块,img-modal,"[""img-modal"", ""img-box"", ""img-stage"", ""img-crop""]",button,,上裁剪手柄,点击执行所属流程；禁用/隐藏时不执行,Canvas 本地变换；尚未点击插入时不改正文或原图文件,"{""class"": ""crop-handle crop-n"", ""data-handle"": ""n"", ""aria-label"": ""上裁剪手柄"", ""data-i18n-aria"": ""img.cropHandleN""}",[],assets/index.html,802,[],False,False
,F029,06 插入图片、表格、公式和高级块,img-modal,"[""img-modal"", ""img-box"", ""img-stage"", ""img-crop""]",button,,右上裁剪手柄,点击执行所属流程；禁用/隐藏时不执行,Canvas 本地变换；尚未点击插入时不改正文或原图文件,"{""class"": ""crop-handle crop-ne"", ""data-handle"": ""ne"", ""aria-label"": ""右上裁剪手柄"", ""data-i18n-aria"": ""img.cropHandleNe""}",[],assets/index.html,802,[],False,False
,F029,06 插入图片、表格、公式和高级块,img-modal,"[""img-modal"", ""img-box"", ""img-stage"", ""img-crop""]",button,,右裁剪手柄,点击执行所属流程；禁用/隐藏时不执行,Canvas 本地变换；尚未点击插入时不改正文或原图文件,"{""class"": ""crop-handle crop-e"", ""data-handle"": ""e"", ""aria-label"": ""右裁剪手柄"", ""data-i18n-aria"": ""img.cropHandleE""}",[],assets/index.html,803,[],False,False
,F029,06 插入图片、表格、公式和高级块,img-modal,"[""img-modal"", ""img-box"", ""img-stage"", ""img-crop""]",button,,右下裁剪手柄,点击执行所属流程；禁用/隐藏时不执行,Canvas 本地变换；尚未点击插入时不改正文或原图文件,"{""class"": ""crop-handle crop-se"", ""data-handle"": ""se"", ""aria-label"": ""右下裁剪手柄"", ""data-i18n-aria"": ""img.cropHandleSe""}",[],assets/index.html,803,[],False,False
,F029,06 插入图片、表格、公式和高级块,img-modal,"[""img-modal"", ""img-box"", ""img-stage"", ""img-crop""]",button,,下裁剪手柄,点击执行所属流程；禁用/隐藏时不执行,Canvas 本地变换；尚未点击插入时不改正文或原图文件,"{""class"": ""crop-handle crop-s"", ""data-handle"": ""s"", ""aria-label"": ""下裁剪手柄"", ""data-i18n-aria"": ""img.cropHandleS""}",[],assets/index.html,803,[],False,False
,F029,06 插入图片、表格、公式和高级块,img-modal,"[""img-modal"", ""img-box"", ""img-stage"", ""img-crop""]",button,,左下裁剪手柄,点击执行所属流程；禁用/隐藏时不执行,Canvas 本地变换；尚未点击插入时不改正文或原图文件,"{""class"": ""crop-handle crop-sw"", ""data-handle"": ""sw"", ""aria-label"": ""左下裁剪手柄"", ""data-i18n-aria"": ""img.cropHandleSw""}",[],assets/index.html,804,[],False,False
,F029,06 插入图片、表格、公式和高级块,img-modal,"[""img-modal"", ""img-box"", ""img-stage"", ""img-crop""]",button,,左裁剪手柄,点击执行所属流程；禁用/隐藏时不执行,Canvas 本地变换；尚未点击插入时不改正文或原图文件,"{""class"": ""crop-handle crop-w"", ""data-handle"": ""w"", ""aria-label"": ""左裁剪手柄"", ""data-i18n-aria"": ""img.cropHandleW""}",[],assets/index.html,804,[],False,False
,F029,06 插入图片、表格、公式和高级块,img-modal,"[""img-modal"", ""img-box""]",button,img-rot-l,↶ 90°,点击执行所属流程；禁用/隐藏时不执行,Canvas 本地变换；尚未点击插入时不改正文或原图文件,"{""id"": ""img-rot-l"", ""class"": ""tb-btn""}",[],assets/index.html,810,"[{""file"": ""assets/app.js"", ""lines"": [396]}]",False,False
,F029,06 插入图片、表格、公式和高级块,img-modal,"[""img-modal"", ""img-box""]",button,img-rot-r,↷ 90°,点击执行所属流程；禁用/隐藏时不执行,Canvas 本地变换；尚未点击插入时不改正文或原图文件,"{""id"": ""img-rot-r"", ""class"": ""tb-btn""}",[],assets/index.html,810,"[{""file"": ""assets/app.js"", ""lines"": [397]}]",False,False
,F029,06 插入图片、表格、公式和高级块,img-modal,"[""img-modal"", ""img-box""]",button,img-flip-x,水平翻转,点击执行所属流程；禁用/隐藏时不执行,Canvas 本地变换；尚未点击插入时不改正文或原图文件,"{""id"": ""img-flip-x"", ""class"": ""tb-btn"", ""data-i18n"": ""img.flipH""}",[],assets/index.html,810,"[{""file"": ""assets/app.js"", ""lines"": [403]}]",False,False
,F029,06 插入图片、表格、公式和高级块,img-modal,"[""img-modal"", ""img-box""]",button,img-flip-y,垂直翻转,点击执行所属流程；禁用/隐藏时不执行,Canvas 本地变换；尚未点击插入时不改正文或原图文件,"{""id"": ""img-flip-y"", ""class"": ""tb-btn"", ""data-i18n"": ""img.flipV""}",[],assets/index.html,810,"[{""file"": ""assets/app.js"", ""lines"": [404]}]",False,False
,F029,06 插入图片、表格、公式和高级块,img-modal,"[""img-modal"", ""img-box""]",input,img-angle,img-angle,拖动或方向键调整；input即时反馈，change按所属流程提交,Canvas 本地变换；尚未点击插入时不改正文或原图文件,"{""id"": ""img-angle"", ""type"": ""range"", ""min"": ""-180"", ""max"": ""180"", ""step"": ""0.1"", ""value"": ""0""}",[],assets/index.html,811,"[{""file"": ""assets/js/editor/image.js"", ""lines"": [203]}, {""file"": ""assets/app.js"", ""lines"": [398, 399, 400]}]",False,False
,F029,06 插入图片、表格、公式和高级块,img-modal,"[""img-modal"", ""img-box""]",input,img-angle-number,角度,点击聚焦并编辑；提交/Enter与验证由所属流程规定,Canvas 本地变换；尚未点击插入时不改正文或原图文件,"{""id"": ""img-angle-number"", ""class"": ""img-number"", ""type"": ""number"", ""min"": ""-180"", ""max"": ""180"", ""step"": ""0.1"", ""value"": ""0"", ""aria-label"": ""角度"", ""data-i18n-aria"": ""img.angle""}",[],assets/index.html,811,"[{""file"": ""assets/js/editor/image.js"", ""lines"": [203]}, {""file"": ""assets/app.js"", ""lines"": [400]}]",False,False
,F029,06 插入图片、表格、公式和高级块,img-modal,"[""img-modal"", ""img-box""]",input,img-view-zoom,img-view-zoom,拖动或方向键调整；input即时反馈，change按所属流程提交,Canvas 本地变换；尚未点击插入时不改正文或原图文件,"{""id"": ""img-view-zoom"", ""type"": ""range"", ""min"": ""25"", ""max"": ""400"", ""value"": ""100""}",[],assets/index.html,812,"[{""file"": ""assets/js/editor/image.js"", ""lines"": [203]}, {""file"": ""assets/app.js"", ""lines"": [401, 402]}]",False,False
,F029,06 插入图片、表格、公式和高级块,img-modal,"[""img-modal"", ""img-box""]",select,img-ratio,裁剪比例,选择值触发change；完整值/显示文案见本行选项,Canvas 本地变换；尚未点击插入时不改正文或原图文件,"{""id"": ""img-ratio"", ""title"": ""裁剪比例"", ""data-i18n-title"": ""img.ratio""}","[{""value"": ""free"", ""text"": ""自由比例""}, {""value"": ""1:1"", ""text"": ""1:1 方形""}, {""value"": ""4:3"", ""text"": ""4:3""}, {""value"": ""3:2"", ""text"": ""3:2""}, {""value"": ""16:9"", ""text"": ""16:9""}, {""value"": ""orig"", ""text"": ""原图比例""}]",assets/index.html,813,"[{""file"": ""assets/js/editor/image.js"", ""lines"": [203]}, {""file"": ""assets/app.js"", ""lines"": [405, 452, 947]}]",False,False
,F029,06 插入图片、表格、公式和高级块,img-modal,"[""img-modal"", ""img-box""]",input,img-out-w,img-out-w,点击聚焦并编辑；提交/Enter与验证由所属流程规定,Canvas 本地变换；尚未点击插入时不改正文或原图文件,"{""id"": ""img-out-w"", ""class"": ""img-number"", ""type"": ""number"", ""min"": ""1"", ""max"": ""16000""}",[],assets/index.html,814,"[{""file"": ""assets/js/editor/image.js"", ""lines"": [161]}, {""file"": ""assets/app.js"", ""lines"": [407]}]",False,False
,F029,06 插入图片、表格、公式和高级块,img-modal,"[""img-modal"", ""img-box""]",button,img-size-lock,锁定宽高比,点击执行所属流程；禁用/隐藏时不执行,Canvas 本地变换；尚未点击插入时不改正文或原图文件,"{""id"": ""img-size-lock"", ""class"": ""tb-btn icon active"", ""aria-pressed"": ""true"", ""aria-label"": ""锁定宽高比"", ""title"": ""锁定宽高比"", ""data-i18n-title"": ""img.lockRatio"", ""data-i18n-aria"": ""img.lockRatio""}",[],assets/index.html,814,"[{""file"": ""assets/js/editor/image.js"", ""lines"": [203]}, {""file"": ""assets/app.js"", ""lines"": [406]}]",False,False
,F029,06 插入图片、表格、公式和高级块,img-modal,"[""img-modal"", ""img-box""]",input,img-out-h,img-out-h,点击聚焦并编辑；提交/Enter与验证由所属流程规定,Canvas 本地变换；尚未点击插入时不改正文或原图文件,"{""id"": ""img-out-h"", ""class"": ""img-number"", ""type"": ""number"", ""min"": ""1"", ""max"": ""16000""}",[],assets/index.html,814,"[{""file"": ""assets/js/editor/image.js"", ""lines"": [161]}, {""file"": ""assets/app.js"", ""lines"": [408]}]",False,False
,F029,06 插入图片、表格、公式和高级块,img-modal,"[""img-modal"", ""img-box""]",button,img-undo,撤销 (Ctrl+Z),点击执行所属流程；禁用/隐藏时不执行,Canvas 本地变换；尚未点击插入时不改正文或原图文件,"{""id"": ""img-undo"", ""class"": ""tb-btn"", ""data-i18n"": ""editor.undo"", ""disabled"": null}",[],assets/index.html,815,"[{""file"": ""assets/js/editor/image.js"", ""lines"": [22]}, {""file"": ""assets/app.js"", ""lines"": [409]}]",False,True
,F029,06 插入图片、表格、公式和高级块,img-modal,"[""img-modal"", ""img-box""]",button,img-redo,重做 (Ctrl+Y),点击执行所属流程；禁用/隐藏时不执行,Canvas 本地变换；尚未点击插入时不改正文或原图文件,"{""id"": ""img-redo"", ""class"": ""tb-btn"", ""data-i18n"": ""editor.redo"", ""disabled"": null}",[],assets/index.html,815,"[{""file"": ""assets/js/editor/image.js"", ""lines"": [22]}, {""file"": ""assets/app.js"", ""lines"": [409]}]",False,True
,F029,06 插入图片、表格、公式和高级块,img-modal,"[""img-modal"", ""img-box""]",button,img-reset,重置,点击执行所属流程；禁用/隐藏时不执行,Canvas 本地变换；尚未点击插入时不改正文或原图文件,"{""id"": ""img-reset"", ""class"": ""tb-btn"", ""data-i18n"": ""img.reset""}",[],assets/index.html,815,"[{""file"": ""assets/app.js"", ""lines"": [410]}]",False,False
,F030,06 插入图片、表格、公式和高级块,img-modal,"[""img-modal"", ""img-box""]",button,img-insert,插入到文档,点击执行所属流程；禁用/隐藏时不执行,/api/image/save → server.rs h_image_save；资源路径与编码验证,"{""id"": ""img-insert"", ""class"": ""tb-btn accent"", ""data-i18n"": ""dialog.imgInsert"", ""disabled"": null}",[],assets/index.html,820,"[{""file"": ""assets/js/editor/image.js"", ""lines"": [59, 183, 188]}, {""file"": ""assets/app.js"", ""lines"": [411]}]",False,True
,F030,06 插入图片、表格、公式和高级块,img-modal,"[""img-modal"", ""img-box""]",button,img-close,关闭,点击执行所属流程；禁用/隐藏时不执行,/api/image/save → server.rs h_image_save；资源路径与编码验证,"{""id"": ""img-close"", ""class"": ""tb-btn"", ""data-i18n"": ""toolbar.close""}",[],assets/index.html,821,"[{""file"": ""assets/app.js"", ""lines"": [412, 413]}]",False,False
,F032,06 插入图片、表格、公式和高级块,formula-modal,"[""formula-modal""]",button,formula-close,关闭,点击执行所属流程；禁用/隐藏时不执行,前端模板插入；Rust 读取修复与导出公式另由 formula_repair.rs/formula 系列实现,"{""id"": ""formula-close"", ""class"": ""tb-btn icon"", ""aria-label"": ""关闭"", ""data-i18n-aria"": ""toolbar.close""}",[],assets/index.html,827,"[{""file"": ""assets/app.js"", ""lines"": [348]}]",False,False
,F032,06 插入图片、表格、公式和高级块,formula-modal,"[""formula-modal""]",input,formula-search,搜索名称或 TeX…,点击聚焦并编辑；提交/Enter与验证由所属流程规定,前端模板插入；Rust 读取修复与导出公式另由 formula_repair.rs/formula 系列实现,"{""id"": ""formula-search"", ""type"": ""search"", ""placeholder"": ""搜索名称或 TeX…"", ""aria-label"": ""搜索名称或 TeX"", ""data-i18n-placeholder"": ""formula.searchPlaceholder"", ""data-i18n-aria"": ""formula.searchPlaceholder""}",[],assets/index.html,827,"[{""file"": ""assets/js/editor/editor.js"", ""lines"": [1088, 1101]}, {""file"": ""assets/app.js"", ""lines"": [349]}]",False,False
,F032,06 插入图片、表格、公式和高级块,formula-modal,"[""formula-modal""]",select,formula-mode,行内公式,选择值触发change；完整值/显示文案见本行选项,前端模板插入；Rust 读取修复与导出公式另由 formula_repair.rs/formula 系列实现,"{""id"": ""formula-mode"", ""aria-label"": ""行内公式""}","[{""value"": ""inline"", ""text"": ""行内公式""}, {""value"": ""block"", ""text"": ""块级公式""}]",assets/index.html,827,"[{""file"": ""assets/js/editor/editor.js"", ""lines"": [1088, 1118]}, {""file"": ""assets/app.js"", ""lines"": [452, 947]}]",False,False
,F052,10 Prompt / Skill 工作台,tpl-modal,"[""tpl-modal"", ""tpl-box""]",button,tpl-close,关闭,点击执行所属流程；禁用/隐藏时不执行,/api/ai/prompts、/api/skills；Rust 模板/skill 目录与元信息,"{""id"": ""tpl-close"", ""class"": ""tb-btn icon modal-close-btn"", ""aria-label"": ""关闭模板管理"", ""data-i18n-aria"": ""toolbar.close""}",[],assets/index.html,834,"[{""file"": ""assets/app.js"", ""lines"": [641, 665]}]",False,False
,F052,10 Prompt / Skill 工作台,tpl-modal,"[""tpl-modal"", ""tpl-box""]",input,tpl-search,搜索模板名称或内容...,点击聚焦并编辑；提交/Enter与验证由所属流程规定,/api/ai/prompts、/api/skills；Rust 模板/skill 目录与元信息,"{""id"": ""tpl-search"", ""type"": ""search"", ""placeholder"": ""搜索模板..."", ""aria-label"": ""搜索模板"", ""data-i18n-placeholder"": ""tpl.searchPlaceholder"", ""data-i18n-aria"": ""tpl.searchPlaceholder""}",[],assets/index.html,839,"[{""file"": ""assets/js/features/ai.js"", ""lines"": [343]}, {""file"": ""assets/app.js"", ""lines"": [647]}]",False,False
,F056,10 Prompt / Skill 工作台,tpl-modal,"[""tpl-modal"", ""tpl-box""]",button,tpl-import-btn,支持导入 Markdown (.md) 或 JSON (.json) 格式的 Prompt 模板,点击执行所属流程；禁用/隐藏时不执行,/api/ai/prompts POST；导出JSON为浏览器 Blob,"{""id"": ""tpl-import-btn"", ""class"": ""tb-btn"", ""title"": ""支持导入 .md / .json 格式的提示词模板文件"", ""data-i18n-title"": ""tpl.importHint"", ""aria-expanded"": ""false"", ""aria-controls"": ""tpl-import-menu""}",[],assets/index.html,840,"[{""file"": ""assets/js/features/ai.js"", ""lines"": [903]}, {""file"": ""assets/app.js"", ""lines"": [648]}]",False,False
,F056,10 Prompt / Skill 工作台,tpl-modal,"[""tpl-modal"", ""tpl-box""]",input,tpl-file-input,tpl-file-input,由可见导入/选择按钮触发文件选择；change进入相应处理流程,/api/ai/prompts POST；导出JSON为浏览器 Blob,"{""type"": ""file"", ""id"": ""tpl-file-input"", ""accept"": "".md,.markdown,.json,.txt"", ""multiple"": null, ""hidden"": null}",[],assets/index.html,844,"[{""file"": ""assets/app.js"", ""lines"": [649]}]",False,False
,F057,10 Prompt / Skill 工作台,tpl-modal,"[""tpl-modal"", ""tpl-box""]",input,tpl-folder-input,tpl-folder-input,由可见导入/选择按钮触发文件选择；change进入相应处理流程,/api/skill-imports/preview、apply → batch2.rs + skill_import.rs；源扫描、校验、导入；动态check/update/delete接口当前没有对应完整来源管理面板,"{""type"": ""file"", ""id"": ""tpl-folder-input"", ""webkitdirectory"": null, ""directory"": null, ""multiple"": null, ""hidden"": null}",[],assets/index.html,845,"[{""file"": ""assets/js/features/ai.js"", ""lines"": [936]}, {""file"": ""assets/app.js"", ""lines"": [653]}]",False,False
,F057,10 Prompt / Skill 工作台,tpl-modal,"[""tpl-modal"", ""tpl-box""]",input,tpl-zip-input,tpl-zip-input,由可见导入/选择按钮触发文件选择；change进入相应处理流程,/api/skill-imports/preview、apply → batch2.rs + skill_import.rs；源扫描、校验、导入；动态check/update/delete接口当前没有对应完整来源管理面板,"{""type"": ""file"", ""id"": ""tpl-zip-input"", ""accept"": "".zip,application/zip"", ""hidden"": null}",[],assets/index.html,846,"[{""file"": ""assets/js/features/ai.js"", ""lines"": [937]}, {""file"": ""assets/app.js"", ""lines"": [658]}]",False,False
,F057,10 Prompt / Skill 工作台,tpl-modal,"[""tpl-modal"", ""tpl-box"", ""tpl-import-menu""]",button,tpl-import-source-github,GitHub,点击执行所属流程；禁用/隐藏时不执行,/api/skill-imports/preview、apply → batch2.rs + skill_import.rs；源扫描、校验、导入；动态check/update/delete接口当前没有对应完整来源管理面板,"{""id"": ""tpl-import-source-github"", ""class"": ""tpl-import-source active"", ""type"": ""button"", ""role"": ""tab"", ""aria-selected"": ""true""}",[],assets/index.html,849,"[{""file"": ""assets/app.js"", ""lines"": [650]}]",False,False
,F057,10 Prompt / Skill 工作台,tpl-modal,"[""tpl-modal"", ""tpl-box"", ""tpl-import-menu""]",button,tpl-import-source-folder,打开文件夹,点击执行所属流程；禁用/隐藏时不执行,/api/skill-imports/preview、apply → batch2.rs + skill_import.rs；源扫描、校验、导入；动态check/update/delete接口当前没有对应完整来源管理面板,"{""id"": ""tpl-import-source-folder"", ""class"": ""tpl-import-source"", ""type"": ""button"", ""role"": ""tab"", ""aria-selected"": ""false"", ""data-i18n"": ""app.folder""}",[],assets/index.html,850,"[{""file"": ""assets/app.js"", ""lines"": [651]}]",False,False
,F057,10 Prompt / Skill 工作台,tpl-modal,"[""tpl-modal"", ""tpl-box"", ""tpl-import-menu""]",button,tpl-import-source-zip,ZIP,点击执行所属流程；禁用/隐藏时不执行,/api/skill-imports/preview、apply → batch2.rs + skill_import.rs；源扫描、校验、导入；动态check/update/delete接口当前没有对应完整来源管理面板,"{""id"": ""tpl-import-source-zip"", ""class"": ""tpl-import-source"", ""type"": ""button"", ""role"": ""tab"", ""aria-selected"": ""false""}",[],assets/index.html,851,"[{""file"": ""assets/app.js"", ""lines"": [652]}]",False,False
,F057,10 Prompt / Skill 工作台,tpl-modal,"[""tpl-modal"", ""tpl-box"", ""tpl-import-menu"", ""tpl-import-panel-github""]",input,tpl-github-url,输入网页 URL (如 https://example.com/post)...,点击聚焦并编辑；提交/Enter与验证由所属流程规定,/api/skill-imports/preview、apply → batch2.rs + skill_import.rs；源扫描、校验、导入；动态check/update/delete接口当前没有对应完整来源管理面板,"{""id"": ""tpl-github-url"", ""type"": ""url"", ""inputmode"": ""url"", ""placeholder"": ""https://github.com/owner/repository"", ""aria-label"": ""GitHub"", ""data-i18n-aria"": ""web.urlPlaceholder"", ""autocomplete"": ""off""}",[],assets/index.html,857,"[{""file"": ""assets/js/features/ai.js"", ""lines"": [925, 1024]}, {""file"": ""assets/app.js"", ""lines"": [663]}]",False,False
,F057,10 Prompt / Skill 工作台,tpl-modal,"[""tpl-modal"", ""tpl-box"", ""tpl-import-menu"", ""tpl-import-panel-github"", ""tpl-github-credential-wrap""]",input,tpl-github-credential,API密钥,点击聚焦并编辑；提交/Enter与验证由所属流程规定,/api/skill-imports/preview、apply → batch2.rs + skill_import.rs；源扫描、校验、导入；动态check/update/delete接口当前没有对应完整来源管理面板,"{""id"": ""tpl-github-credential"", ""type"": ""password"", ""placeholder"": ""API key"", ""data-i18n-placeholder"": ""ai.apiKey"", ""aria-label"": ""API key"", ""data-i18n-aria"": ""ai.apiKey"", ""autocomplete"": ""off"", ""spellcheck"": ""false""}",[],assets/index.html,861,"[{""file"": ""assets/js/features/ai.js"", ""lines"": [941, 942, 1025, 1031]}]",False,False
,F057,10 Prompt / Skill 工作台,tpl-modal,"[""tpl-modal"", ""tpl-box"", ""tpl-import-menu"", ""tpl-import-panel-github""]",button,tpl-github-preview-btn,导入模板 (.md/.json),点击执行所属流程；禁用/隐藏时不执行,/api/skill-imports/preview、apply → batch2.rs + skill_import.rs；源扫描、校验、导入；动态check/update/delete接口当前没有对应完整来源管理面板,"{""id"": ""tpl-github-preview-btn"", ""type"": ""button"", ""class"": ""tb-btn accent icon tpl-github-preview-btn"", ""aria-label"": ""导入模板"", ""data-i18n-aria"": ""tpl.importMd""}",[],assets/index.html,863,"[{""file"": ""assets/js/features/ai.js"", ""lines"": [1027]}, {""file"": ""assets/app.js"", ""lines"": [662]}]",False,False
,F056,10 Prompt / Skill 工作台,tpl-modal,"[""tpl-modal"", ""tpl-box""]",button,tpl-export-btn,导出全部模板为 JSON 备份文件,点击执行所属流程；禁用/隐藏时不执行,/api/ai/prompts POST；导出JSON为浏览器 Blob,"{""id"": ""tpl-export-btn"", ""class"": ""tb-btn"", ""title"": ""将全部模板导出为 .json 备份"", ""data-i18n-title"": ""tpl.exportHint""}",[],assets/index.html,870,"[{""file"": ""assets/app.js"", ""lines"": [664]}]",False,False
,F054,10 Prompt / Skill 工作台,tpl-modal,"[""tpl-modal"", ""tpl-box""]",button,tpl-ai-generate,AI 生成,点击执行所属流程；禁用/隐藏时不执行,/api/ai/chat 使用技能生成提示；发布/保存是后续独立动作,"{""id"": ""tpl-ai-generate"", ""class"": ""tb-btn accent"", ""data-i18n"": ""exportai.generateBtn"", ""data-i18n-title"": ""tpl.title""}",[],assets/index.html,874,"[{""file"": ""assets/js/features/ai.js"", ""lines"": [669]}, {""file"": ""assets/app.js"", ""lines"": [636]}]",False,False
,F053,10 Prompt / Skill 工作台,tpl-modal,"[""tpl-modal"", ""tpl-box""]",input,tpl-id,tpl-id,隐藏表单元数据；非直接可点击入口,/api/ai/prompts POST 维护自定义模板；/api/skills 提供 Skill 对应能力；以保存分支为准,"{""id"": ""tpl-id"", ""type"": ""hidden""}",[],assets/index.html,879,"[{""file"": ""assets/js/features/ai.js"", ""lines"": [489, 503, 516, 541, 551, 685, 701, 734, 753, 1091, 1115, 2721]}]",True,False
,F053,10 Prompt / Skill 工作台,tpl-modal,"[""tpl-modal"", ""tpl-box""]",input,tpl-action,tpl-action,隐藏表单元数据；非直接可点击入口,/api/ai/prompts POST 维护自定义模板；/api/skills 提供 Skill 对应能力；以保存分支为准,"{""id"": ""tpl-action"", ""type"": ""hidden"", ""value"": ""custom""}",[],assets/index.html,880,"[{""file"": ""assets/js/features/ai.js"", ""lines"": [518, 1093]}, {""file"": ""assets/app.js"", ""lines"": [452, 947]}]",True,False
,F053,10 Prompt / Skill 工作台,tpl-modal,"[""tpl-modal"", ""tpl-box"", ""tpl-editor-fields""]",input,tpl-name,模板名称（如：总结要点 / 生成周报）,点击聚焦并编辑；提交/Enter与验证由所属流程规定,/api/ai/prompts POST 维护自定义模板；/api/skills 提供 Skill 对应能力；以保存分支为准,"{""id"": ""tpl-name"", ""type"": ""text"", ""placeholder"": ""模板名称（如：深度论文精读 / 结构化周报）"", ""aria-label"": ""模板名称"", ""data-i18n-placeholder"": ""tpl.namePlaceholder"", ""data-i18n-aria"": ""tpl.namePlaceholder""}",[],assets/index.html,883,"[{""file"": ""assets/js/features/ai.js"", ""lines"": [499, 517, 522, 552, 555, 559, 686, 705, 1092]}]",False,False
,F053,10 Prompt / Skill 工作台,tpl-modal,"[""tpl-modal"", ""tpl-box"", ""tpl-editor-fields""]",textarea,tpl-system,系统提示词：角色设定与任务说明,点击聚焦并编辑；提交/Enter与验证由所属流程规定,/api/ai/prompts POST 维护自定义模板；/api/skills 提供 Skill 对应能力；以保存分支为准,"{""id"": ""tpl-system"", ""rows"": ""8"", ""placeholder"": ""SKILL.md：标准 frontmatter 与指令（使用 {{document}} 等受限变量）"", ""aria-label"": ""SKILL.md 指令"", ""data-i18n-placeholder"": ""tpl.systemPlaceholder"", ""data-i18n-aria"": ""tpl.systemPlaceholder""}",[],assets/index.html,884,"[{""file"": ""assets/js/features/ai.js"", ""lines"": [519, 523, 553, 555, 687, 702, 1094]}]",False,False
,F053,10 Prompt / Skill 工作台,tpl-modal,"[""tpl-modal"", ""tpl-box"", ""tpl-editor-fields""]",textarea,tpl-user,用户消息模板（可选）：可用 {doc} 代表文档内容、{prompt} 代表补充要求；留空则自动拼接文档,点击聚焦并编辑；提交/Enter与验证由所属流程规定,/api/ai/prompts POST 维护自定义模板；/api/skills 提供 Skill 对应能力；以保存分支为准,"{""id"": ""tpl-user"", ""rows"": ""3"", ""placeholder"": ""变量/补充请求模板（可选）；发布前会执行结构与安全校验"", ""aria-label"": ""Skill 变量与补充请求"", ""data-i18n-placeholder"": ""tpl.userPlaceholder"", ""data-i18n-aria"": ""tpl.userPlaceholder""}",[],assets/index.html,885,"[{""file"": ""assets/js/features/ai.js"", ""lines"": [520, 521, 524, 554, 555, 655, 688, 1095]}]",False,False
,F053,10 Prompt / Skill 工作台,tpl-modal,"[""tpl-modal"", ""tpl-box""]",button,tpl-new,新对话,点击执行所属流程；禁用/隐藏时不执行,/api/ai/prompts POST 维护自定义模板；/api/skills 提供 Skill 对应能力；以保存分支为准,"{""id"": ""tpl-new"", ""class"": ""tb-btn"", ""data-i18n"": ""ai.newSession""}",[],assets/index.html,893,"[{""file"": ""assets/app.js"", ""lines"": [632]}]",False,False
,F053,10 Prompt / Skill 工作台,tpl-modal,"[""tpl-modal"", ""tpl-box""]",button,tpl-edit,编辑 (Ctrl+E),点击执行所属流程；禁用/隐藏时不执行,/api/ai/prompts POST 维护自定义模板；/api/skills 提供 Skill 对应能力；以保存分支为准,"{""id"": ""tpl-edit"", ""class"": ""tb-btn"", ""data-i18n"": ""toolbar.edit""}",[],assets/index.html,894,"[{""file"": ""assets/js/features/ai.js"", ""lines"": [492, 493, 494, 495]}, {""file"": ""assets/app.js"", ""lines"": [633]}]",False,False
,F053,10 Prompt / Skill 工作台,tpl-modal,"[""tpl-modal"", ""tpl-box""]",button,tpl-copy,复制,点击执行所属流程；禁用/隐藏时不执行,/api/ai/prompts POST 维护自定义模板；/api/skills 提供 Skill 对应能力；以保存分支为准,"{""id"": ""tpl-copy"", ""class"": ""tb-btn"", ""data-i18n"": ""editor.copy""}",[],assets/index.html,895,"[{""file"": ""assets/app.js"", ""lines"": [634]}]",False,False
,F053,10 Prompt / Skill 工作台,tpl-modal,"[""tpl-modal"", ""tpl-box""]",button,tpl-del,删除,点击执行所属流程；禁用/隐藏时不执行,/api/ai/prompts POST 维护自定义模板；/api/skills 提供 Skill 对应能力；以保存分支为准,"{""id"": ""tpl-del"", ""class"": ""tb-btn"", ""data-i18n"": ""tpl.delete""}",[],assets/index.html,896,"[{""file"": ""assets/js/features/ai.js"", ""lines"": [525]}, {""file"": ""assets/app.js"", ""lines"": [640]}]",False,False
,F053,10 Prompt / Skill 工作台,tpl-modal,"[""tpl-modal"", ""tpl-box""]",button,tpl-save,保存,点击执行所属流程；禁用/隐藏时不执行,/api/ai/prompts POST 维护自定义模板；/api/skills 提供 Skill 对应能力；以保存分支为准,"{""id"": ""tpl-save"", ""class"": ""tb-btn accent"", ""data-i18n"": ""editor.save""}",[],assets/index.html,900,"[{""file"": ""assets/js/features/ai.js"", ""lines"": [497, 556]}, {""file"": ""assets/app.js"", ""lines"": [635]}]",False,False
,F055,10 Prompt / Skill 工作台,tpl-modal,"[""tpl-modal"", ""tpl-box""]",button,tpl-publish,排版出版,点击执行所属流程；禁用/隐藏时不执行,/api/skills evaluate/publish/enable/disable/export；Rust后端检查评估与确认，scripts_allowed:false,"{""id"": ""tpl-publish"", ""class"": ""tb-btn accent"", ""data-i18n"": ""export.groupPublish""}",[],assets/index.html,901,"[{""file"": ""assets/js/features/ai.js"", ""lines"": [498, 557, 689]}, {""file"": ""assets/app.js"", ""lines"": [637]}]",False,False
,F055,10 Prompt / Skill 工作台,tpl-modal,"[""tpl-modal"", ""tpl-box""]",button,tpl-toggle,停用,点击执行所属流程；禁用/隐藏时不执行,/api/skills evaluate/publish/enable/disable/export；Rust后端检查评估与确认，scripts_allowed:false,"{""id"": ""tpl-toggle"", ""class"": ""tb-btn"", ""data-i18n"": ""tpl.disable""}",[],assets/index.html,902,"[{""file"": ""assets/js/features/ai.js"", ""lines"": [526]}, {""file"": ""assets/app.js"", ""lines"": [638]}]",False,False
,F055,10 Prompt / Skill 工作台,tpl-modal,"[""tpl-modal"", ""tpl-box""]",button,tpl-export-one,导出此 Skill,点击执行所属流程；禁用/隐藏时不执行,/api/skills evaluate/publish/enable/disable/export；Rust后端检查评估与确认，scripts_allowed:false,"{""id"": ""tpl-export-one"", ""class"": ""tb-btn"", ""data-i18n"": ""tpl.exportOne""}",[],assets/index.html,906,"[{""file"": ""assets/js/features/ai.js"", ""lines"": [532]}, {""file"": ""assets/app.js"", ""lines"": [639]}]",False,False
,F052,10 Prompt / Skill 工作台,tpl-modal,"[""tpl-modal"", ""tpl-box""]",button,tpl-close-btn,关闭,点击执行所属流程；禁用/隐藏时不执行,/api/ai/prompts、/api/skills；Rust 模板/skill 目录与元信息,"{""id"": ""tpl-close-btn"", ""class"": ""tb-btn tpl-close-btn"", ""data-i18n"": ""toolbar.close""}",[],assets/index.html,908,"[{""file"": ""assets/app.js"", ""lines"": [665]}]",False,False
,F054,10 Prompt / Skill 工作台,skill-create-modal,"[""skill-create-modal""]",button,skill-create-close,关闭,点击执行所属流程；禁用/隐藏时不执行,/api/ai/chat 使用技能生成提示；发布/保存是后续独立动作,"{""id"": ""skill-create-close"", ""class"": ""modal-close"", ""aria-label"": ""关闭"", ""data-i18n-aria"": ""toolbar.close""}",[],assets/index.html,919,"[{""file"": ""assets/js/features/ai.js"", ""lines"": [576]}]",False,False
,F054,10 Prompt / Skill 工作台,skill-create-modal,"[""skill-create-modal""]",button,skill-create-example,填入精读示例 ↗,点击执行所属流程；禁用/隐藏时不执行,/api/ai/chat 使用技能生成提示；发布/保存是后续独立动作,"{""id"": ""skill-create-example"", ""type"": ""button"", ""class"": ""tb-btn"", ""data-i18n"": ""ux.skillExample""}",[],assets/index.html,924,"[{""file"": ""assets/js/features/ai.js"", ""lines"": [579]}]",False,False
,F054,10 Prompt / Skill 工作台,skill-create-modal,"[""skill-create-modal""]",input,skill-create-name,例如：论文深度精读,点击聚焦并编辑；提交/Enter与验证由所属流程规定,/api/ai/chat 使用技能生成提示；发布/保存是后续独立动作,"{""id"": ""skill-create-name"", ""class"": ""modal-input"", ""type"": ""text"", ""maxlength"": ""80"", ""required"": null, ""placeholder"": ""例如：论文深度精读"", ""data-i18n-placeholder"": ""tpl.createNamePlaceholder"", ""autocomplete"": ""off"", ""aria-describedby"": ""skill-create-error""}",[],assets/index.html,927,"[{""file"": ""assets/js/features/ai.js"", ""lines"": [572]}]",False,False
,F054,10 Prompt / Skill 工作台,skill-create-modal,"[""skill-create-modal""]",textarea,skill-create-purpose,描述这个 Skill 要完成什么、输出格式与注意事项…,点击聚焦并编辑；提交/Enter与验证由所属流程规定,/api/ai/chat 使用技能生成提示；发布/保存是后续独立动作,"{""id"": ""skill-create-purpose"", ""class"": ""modal-textarea"", ""rows"": ""6"", ""maxlength"": ""4000"", ""required"": null, ""placeholder"": ""描述这个 Skill 要完成什么、输出格式与注意事项…"", ""data-i18n-placeholder"": ""tpl.createPurposePlaceholder"", ""aria-describedby"": ""skill-create-error""}",[],assets/index.html,931,"[{""file"": ""assets/js/features/ai.js"", ""lines"": [573]}]",False,False
,F054,10 Prompt / Skill 工作台,skill-create-modal,"[""skill-create-modal""]",select,skill-create-format,输出形式,选择值触发change；完整值/显示文案见本行选项,/api/ai/chat 使用技能生成提示；发布/保存是后续独立动作,"{""id"": ""skill-create-format""}","[{""value"": ""Markdown"", ""text"": ""Markdown""}, {""value"": ""table"", ""text"": ""结构化表格""}, {""value"": ""checklist"", ""text"": ""行动清单""}]",assets/index.html,933,"[{""file"": ""assets/js/features/ai.js"", ""lines"": [578]}]",False,False
,F054,10 Prompt / Skill 工作台,skill-create-modal,"[""skill-create-modal""]",button,skill-create-cancel,取消,点击执行所属流程；禁用/隐藏时不执行,/api/ai/chat 使用技能生成提示；发布/保存是后续独立动作,"{""id"": ""skill-create-cancel"", ""class"": ""tb-btn"", ""data-i18n"": ""dialog.cancel""}",[],assets/index.html,937,"[{""file"": ""assets/js/features/ai.js"", ""lines"": [575]}]",False,False
,F054,10 Prompt / Skill 工作台,skill-create-modal,"[""skill-create-modal""]",button,skill-create-go,生成草稿,点击执行所属流程；禁用/隐藏时不执行,/api/ai/chat 使用技能生成提示；发布/保存是后续独立动作,"{""id"": ""skill-create-go"", ""class"": ""tb-btn accent"", ""data-i18n"": ""tpl.createGo""}",[],assets/index.html,938,"[{""file"": ""assets/js/features/ai.js"", ""lines"": [574]}]",False,False
,F077,15 演讲演示与局域网共享,share-modal,"[""share-modal"", ""share-box""]",button,share-start,开启共享,点击执行所属流程；禁用/隐藏时不执行,/api/share/start、status、stop → server.rs 共享状态/监听/令牌访问控制；QR由vendor qrcode生成,"{""id"": ""share-start"", ""class"": ""tb-btn accent"", ""data-i18n"": ""share.startServer""}",[],assets/index.html,952,"[{""file"": ""assets/js/features/share.js"", ""lines"": [14, 21, 65, 71, 106, 110]}, {""file"": ""assets/app.js"", ""lines"": [670]}]",False,False
,F077,15 演讲演示与局域网共享,share-modal,"[""share-modal"", ""share-box""]",button,share-stop,关闭共享,点击执行所属流程；禁用/隐藏时不执行,/api/share/start、status、stop → server.rs 共享状态/监听/令牌访问控制；QR由vendor qrcode生成,"{""id"": ""share-stop"", ""class"": ""tb-btn"", ""data-i18n"": ""share.stopServer"", ""disabled"": null}",[],assets/index.html,953,"[{""file"": ""assets/js/features/share.js"", ""lines"": [14, 22, 66, 72, 106, 110]}, {""file"": ""assets/app.js"", ""lines"": [671]}]",False,True
,F077,15 演讲演示与局域网共享,share-modal,"[""share-modal"", ""share-box""]",button,share-refresh,刷新状态,点击执行所属流程；禁用/隐藏时不执行,/api/share/start、status、stop → server.rs 共享状态/监听/令牌访问控制；QR由vendor qrcode生成,"{""id"": ""share-refresh"", ""class"": ""tb-btn"", ""data-i18n"": ""audit.refreshStatus""}",[],assets/index.html,954,"[{""file"": ""assets/js/features/share.js"", ""lines"": [14, 85, 106, 110]}, {""file"": ""assets/app.js"", ""lines"": [672]}]",False,False
,F077,15 演讲演示与局域网共享,share-modal,"[""share-modal"", ""share-box""]",button,share-close,关闭,点击执行所属流程；禁用/隐藏时不执行,/api/share/start、status、stop → server.rs 共享状态/监听/令牌访问控制；QR由vendor qrcode生成,"{""id"": ""share-close"", ""class"": ""tb-btn"", ""data-i18n"": ""toolbar.close""}",[],assets/index.html,955,"[{""file"": ""assets/app.js"", ""lines"": [673]}]",False,False
,F067,13 OCR、网页提取和剪贴板,url-modal,"[""url-modal"", ""url-box""]",button,url-close,关闭,点击执行所属流程；禁用/隐藏时不执行,/api/clipboard/read、/api/web/extract；桌面私有授权经main.rs nativeWeb IPC → desktop_web.rs隔离系统WebView；普通浏览器缺少宿主时显示能力提示,"{""id"": ""url-close"", ""class"": ""icon-btn"", ""aria-label"": ""关闭网页转换"", ""data-i18n-aria"": ""toolbar.close""}",[],assets/index.html,970,"[{""file"": ""assets/app.js"", ""lines"": [333]}]",False,False
,F067,13 OCR、网页提取和剪贴板,url-modal,"[""url-modal"", ""url-box""]",input,url-input,输入网页 URL (如 https://example.com/post)...,点击聚焦并编辑；提交/Enter与验证由所属流程规定,/api/clipboard/read、/api/web/extract；桌面私有授权经main.rs nativeWeb IPC → desktop_web.rs隔离系统WebView；普通浏览器缺少宿主时显示能力提示,"{""id"": ""url-input"", ""type"": ""url"", ""inputmode"": ""url"", ""placeholder"": ""输入网页 URL (如 https://example.com/post)..."", ""aria-label"": ""网页 URL"", ""data-i18n-placeholder"": ""web.urlPlaceholder"", ""data-i18n-aria"": ""web.urlPlaceholder"", ""autocomplete"": ""url""}",[],assets/index.html,974,"[{""file"": ""assets/js/core/dragdrop.js"", ""lines"": [209]}, {""file"": ""assets/js/editor/image.js"", ""lines"": [329]}, {""file"": ""assets/js/features/clipboard.js"", ""lines"": [94]}, {""file"": ""assets/js/features/web.js"", ""lines"": [45, 154, 254]}, {""file"": ""assets/app.js"", ""lines"": [304, 311, 323, 328, 335, 395]}]",False,False
,F067,13 OCR、网页提取和剪贴板,url-modal,"[""url-modal"", ""url-box""]",button,url-paste-btn,粘贴网址,点击执行所属流程；禁用/隐藏时不执行,/api/clipboard/read、/api/web/extract；桌面私有授权经main.rs nativeWeb IPC → desktop_web.rs隔离系统WebView；普通浏览器缺少宿主时显示能力提示,"{""id"": ""url-paste-btn"", ""class"": ""tb-btn icon"", ""title"": ""从剪贴板粘贴"", ""aria-label"": ""粘贴网址"", ""data-i18n-title"": ""web.pasteTitle"", ""data-i18n-aria"": ""web.pasteAria""}",[],assets/index.html,975,"[{""file"": ""assets/app.js"", ""lines"": [298, 299]}]",False,False
,F067,13 OCR、网页提取和剪贴板,url-modal,"[""url-modal"", ""url-box""]",button,url-pages-dec,减少页数,点击执行所属流程；禁用/隐藏时不执行,/api/clipboard/read、/api/web/extract；桌面私有授权经main.rs nativeWeb IPC → desktop_web.rs隔离系统WebView；普通浏览器缺少宿主时显示能力提示,"{""id"": ""url-pages-dec"", ""class"": ""stepper-btn"", ""type"": ""button"", ""aria-label"": ""减少页数"", ""data-i18n-aria"": ""web.decPages""}",[],assets/index.html,984,"[{""file"": ""assets/app.js"", ""lines"": [277, 278]}]",False,False
,F067,13 OCR、网页提取和剪贴板,url-modal,"[""url-modal"", ""url-box""]",input,url-pages,抓取页数,点击聚焦并编辑；提交/Enter与验证由所属流程规定,/api/clipboard/read、/api/web/extract；桌面私有授权经main.rs nativeWeb IPC → desktop_web.rs隔离系统WebView；普通浏览器缺少宿主时显示能力提示,"{""id"": ""url-pages"", ""type"": ""number"", ""min"": ""1"", ""max"": ""30"", ""value"": ""1"", ""step"": ""1"", ""inputmode"": ""numeric"", ""aria-label"": ""抓取页数"", ""data-i18n-aria"": ""web.pagesAria""}",[],assets/index.html,985,"[{""file"": ""assets/js/features/web.js"", ""lines"": [48, 165]}, {""file"": ""assets/app.js"", ""lines"": [277, 278, 279, 283, 284, 285, 289, 290, 293, 324, 329]}]",False,False
,F067,13 OCR、网页提取和剪贴板,url-modal,"[""url-modal"", ""url-box""]",button,url-pages-inc,增加页数,点击执行所属流程；禁用/隐藏时不执行,/api/clipboard/read、/api/web/extract；桌面私有授权经main.rs nativeWeb IPC → desktop_web.rs隔离系统WebView；普通浏览器缺少宿主时显示能力提示,"{""id"": ""url-pages-inc"", ""class"": ""stepper-btn"", ""type"": ""button"", ""aria-label"": ""增加页数"", ""data-i18n-aria"": ""web.incPages""}",[],assets/index.html,986,"[{""file"": ""assets/app.js"", ""lines"": [283, 284]}]",False,False
,F067,13 OCR、网页提取和剪贴板,url-modal,"[""url-modal"", ""url-box""]",input,url-images,url-images,点击切换开关；按所属流程立即保存、仅影响本次任务或待保存表单,/api/clipboard/read、/api/web/extract；桌面私有授权经main.rs nativeWeb IPC → desktop_web.rs隔离系统WebView；普通浏览器缺少宿主时显示能力提示,"{""id"": ""url-images"", ""type"": ""checkbox""}",[],assets/index.html,991,"[{""file"": ""assets/js/features/web.js"", ""lines"": [49, 164]}]",False,False
,F068,13 OCR、网页提取和剪贴板,url-modal,"[""url-modal"", ""url-box""]",button,url-go,智能提取正文 安全提取,点击执行所属流程；禁用/隐藏时不执行,/api/web/extract、cancel → parity_web.rs/headless_renderer.rs；desktop_web.rs隔离系统WebView窗口，DOM捕获、任务授权、取消、超时、撤销授权,"{""id"": ""url-go"", ""class"": ""tb-btn accent primary-action""}",[],assets/index.html,1004,"[{""file"": ""assets/js/core/dragdrop.js"", ""lines"": [212]}, {""file"": ""assets/js/features/web.js"", ""lines"": [41]}, {""file"": ""assets/app.js"", ""lines"": [322, 335]}]",False,False
,F068,13 OCR、网页提取和剪贴板,url-modal,"[""url-modal"", ""url-box""]",button,url-render,完整动态渲染 保留复杂排版与脚本,点击执行所属流程；禁用/隐藏时不执行,/api/web/extract、cancel → parity_web.rs/headless_renderer.rs；desktop_web.rs隔离系统WebView窗口，DOM捕获、任务授权、取消、超时、撤销授权,"{""id"": ""url-render"", ""class"": ""tb-btn secondary-action""}",[],assets/index.html,1013,"[{""file"": ""assets/js/features/web.js"", ""lines"": [42, 247]}, {""file"": ""assets/app.js"", ""lines"": [327]}]",False,False
,F068,13 OCR、网页提取和剪贴板,url-modal,"[""url-modal"", ""url-box""]",button,url-cancel,取消,点击执行所属流程；禁用/隐藏时不执行,/api/web/extract、cancel → parity_web.rs/headless_renderer.rs；desktop_web.rs隔离系统WebView窗口，DOM捕获、任务授权、取消、超时、撤销授权,"{""id"": ""url-cancel"", ""class"": ""tb-btn hidden"", ""data-i18n"": ""convert.cancel""}",[],assets/index.html,1022,"[{""file"": ""assets/js/features/web.js"", ""lines"": [44]}, {""file"": ""assets/app.js"", ""lines"": [332]}]",True,False
,F067,13 OCR、网页提取和剪贴板,url-modal,"[""url-modal"", ""url-box""]",input,url-private,url-private,点击切换开关；按所属流程立即保存、仅影响本次任务或待保存表单,/api/clipboard/read、/api/web/extract；桌面私有授权经main.rs nativeWeb IPC → desktop_web.rs隔离系统WebView；普通浏览器缺少宿主时显示能力提示,"{""id"": ""url-private"", ""type"": ""checkbox"", ""checked"": null}",[],assets/index.html,1027,"[{""file"": ""assets/js/features/web.js"", ""lines"": [50, 171, 248]}]",False,False
,F097,21 命令面板、快捷键和通用对话框,close-confirm-modal,"[""close-confirm-modal"", ""close-confirm-box""]",button,close-confirm-save,保存修改,点击执行所属流程；禁用/隐藏时不执行,对话框前端；确认后由调用者进入save/rename/convert/plugin/skill等对应后端,"{""id"": ""close-confirm-save"", ""class"": ""tb-btn accent"", ""data-i18n"": ""dialog.save""}",[],assets/index.html,1046,"[{""file"": ""assets/js/core/tabs.js"", ""lines"": [602, 610]}]",False,False
,F097,21 命令面板、快捷键和通用对话框,close-confirm-modal,"[""close-confirm-modal"", ""close-confirm-box""]",button,close-confirm-discard,不保存,点击执行所属流程；禁用/隐藏时不执行,对话框前端；确认后由调用者进入save/rename/convert/plugin/skill等对应后端,"{""id"": ""close-confirm-discard"", ""class"": ""tb-btn danger"", ""data-i18n"": ""dialog.dontSave""}",[],assets/index.html,1047,"[{""file"": ""assets/js/core/tabs.js"", ""lines"": [603, 611]}]",False,False
,F097,21 命令面板、快捷键和通用对话框,close-confirm-modal,"[""close-confirm-modal"", ""close-confirm-box""]",button,close-confirm-cancel,取消,点击执行所属流程；禁用/隐藏时不执行,对话框前端；确认后由调用者进入save/rename/convert/plugin/skill等对应后端,"{""id"": ""close-confirm-cancel"", ""class"": ""tb-btn"", ""data-i18n"": ""dialog.cancel""}",[],assets/index.html,1048,"[{""file"": ""assets/js/core/tabs.js"", ""lines"": [604, 612, 617]}]",False,False
,F097,21 命令面板、快捷键和通用对话框,save-conflict-modal,"[""save-conflict-modal"", ""save-conflict-box""]",button,save-conflict-save-as,另存为,点击执行所属流程；禁用/隐藏时不执行,对话框前端；确认后由调用者进入save/rename/convert/plugin/skill等对应后端,"{""id"": ""save-conflict-save-as"", ""class"": ""tb-btn accent"", ""data-i18n"": ""toolbar.saveAs""}",[],assets/index.html,1080,"[{""file"": ""assets/js/editor/preview.js"", ""lines"": [655, 669]}]",False,False
,F097,21 命令面板、快捷键和通用对话框,save-conflict-modal,"[""save-conflict-modal"", ""save-conflict-box""]",button,save-conflict-reload,重新加载,点击执行所属流程；禁用/隐藏时不执行,对话框前端；确认后由调用者进入save/rename/convert/plugin/skill等对应后端,"{""id"": ""save-conflict-reload"", ""class"": ""tb-btn danger"", ""data-i18n"": ""toolbar.reload""}",[],assets/index.html,1081,"[{""file"": ""assets/js/editor/preview.js"", ""lines"": [647, 656, 670]}]",False,False
,F097,21 命令面板、快捷键和通用对话框,save-conflict-modal,"[""save-conflict-modal"", ""save-conflict-box""]",button,save-conflict-cancel,取消,点击执行所属流程；禁用/隐藏时不执行,对话框前端；确认后由调用者进入save/rename/convert/plugin/skill等对应后端,"{""id"": ""save-conflict-cancel"", ""class"": ""tb-btn"", ""data-i18n"": ""dialog.cancel""}",[],assets/index.html,1082,"[{""file"": ""assets/js/editor/preview.js"", ""lines"": [650, 657]}]",False,False
,F097,21 命令面板、快捷键和通用对话框,confirm-modal,"[""confirm-modal""]",button,confirm-cancel,取消,点击执行所属流程；禁用/隐藏时不执行,对话框前端；确认后由调用者进入save/rename/convert/plugin/skill等对应后端,"{""id"": ""confirm-cancel"", ""class"": ""tb-btn"", ""data-i18n"": ""dialog.cancel""}",[],assets/index.html,1099,"[{""file"": ""assets/js/core/dialog.js"", ""lines"": [13]}, {""file"": ""assets/js/core/tabs.js"", ""lines"": [604, 612, 617]}]",False,False
,F097,21 命令面板、快捷键和通用对话框,confirm-modal,"[""confirm-modal""]",button,confirm-action,确认,点击执行所属流程；禁用/隐藏时不执行,对话框前端；确认后由调用者进入save/rename/convert/plugin/skill等对应后端,"{""id"": ""confirm-action"", ""class"": ""tb-btn danger"", ""data-i18n"": ""dialog.confirm""}",[],assets/index.html,1100,"[{""file"": ""assets/js/core/dialog.js"", ""lines"": [12]}]",False,False
,F097,21 命令面板、快捷键和通用对话框,continuous-modal,"[""continuous-modal""]",button,continuous-confirm,全卷连续,点击执行所属流程；禁用/隐藏时不执行,对话框前端；确认后由调用者进入save/rename/convert/plugin/skill等对应后端,"{""id"": ""continuous-confirm"", ""class"": ""tb-btn danger"", ""data-i18n"": ""pagination.continuousBadge""}",[],assets/index.html,1117,"[{""file"": ""assets/js/reader/render.js"", ""lines"": [657, 663, 664]}]",False,False
,F097,21 命令面板、快捷键和通用对话框,continuous-modal,"[""continuous-modal""]",button,continuous-cancel,取消,点击执行所属流程；禁用/隐藏时不执行,对话框前端；确认后由调用者进入save/rename/convert/plugin/skill等对应后端,"{""id"": ""continuous-cancel"", ""class"": ""tb-btn"", ""data-i18n"": ""dialog.cancel""}",[],assets/index.html,1118,"[{""file"": ""assets/js/reader/render.js"", ""lines"": [658, 665]}]",False,False
,F082,17 修复报告、样式定制和系统设置,fix-modal,"[""fix-modal"", ""fix-box""]",button,fix-ai-btn,AI 深度修复,点击执行所属流程；禁用/隐藏时不执行,/api/ai/chat 使用readmd-format-fix技能；最终保存 /api/save,"{""id"": ""fix-ai-btn"", ""class"": ""tb-btn primary"", ""data-i18n"": ""fixes.aiFix""}",[],assets/index.html,1132,"[{""file"": ""assets/js/reader/fixes.js"", ""lines"": [34, 123]}, {""file"": ""assets/app.js"", ""lines"": [472]}]",False,False
,F081,17 修复报告、样式定制和系统设置,fix-modal,"[""fix-modal"", ""fix-box""]",button,fix-save,另存为,点击执行所属流程；禁用/隐藏时不执行,/api/file 或convert产生fixes；/api/file/save-fixed → server.rs；readmd_fix.rs/formula_repair.rs,"{""id"": ""fix-save"", ""class"": ""tb-btn"", ""data-i18n"": ""app.saveAs""}",[],assets/index.html,1133,"[{""file"": ""assets/app.js"", ""lines"": [474]}]",False,False
,F081,17 修复报告、样式定制和系统设置,fix-modal,"[""fix-modal"", ""fix-box""]",button,fix-close,关闭,点击执行所属流程；禁用/隐藏时不执行,/api/file 或convert产生fixes；/api/file/save-fixed → server.rs；readmd_fix.rs/formula_repair.rs,"{""id"": ""fix-close"", ""class"": ""tb-btn"", ""data-i18n"": ""toolbar.close""}",[],assets/index.html,1134,"[{""file"": ""assets/app.js"", ""lines"": [473]}]",False,False
,F070,14 多格式导出、预设和预览,export-modal,"[""export-modal"", ""export-box""]",button,export-close,关闭,点击执行所属流程；禁用/隐藏时不执行,/api/export/presets GET；导出后端按格式分流,"{""id"": ""export-close"", ""class"": ""modal-close-btn"", ""aria-label"": ""关闭"", ""data-i18n-aria"": ""toolbar.close""}",[],assets/index.html,1146,"[{""file"": ""assets/app.js"", ""lines"": [531]}]",False,False
,F070,14 多格式导出、预设和预览,export-modal,"[""export-modal"", ""export-box""]",button,export-tab-pdf,PDF,点击执行所属流程；禁用/隐藏时不执行,/api/export/presets GET；导出后端按格式分流,"{""id"": ""export-tab-pdf"", ""class"": ""exp-fmt active"", ""data-fmt"": ""pdf"", ""role"": ""tab"", ""aria-selected"": ""true"", ""aria-controls"": ""export-opts"", ""data-i18n"": ""export.fmtPdf""}",[],assets/index.html,1156,[],False,False
,F070,14 多格式导出、预设和预览,export-modal,"[""export-modal"", ""export-box""]",button,export-tab-docx,DOCX,点击执行所属流程；禁用/隐藏时不执行,/api/export/presets GET；导出后端按格式分流,"{""id"": ""export-tab-docx"", ""class"": ""exp-fmt"", ""data-fmt"": ""docx"", ""role"": ""tab"", ""aria-selected"": ""false"", ""aria-controls"": ""export-opts"", ""data-i18n"": ""export.fmtDocx""}",[],assets/index.html,1157,[],False,False
,F070,14 多格式导出、预设和预览,export-modal,"[""export-modal"", ""export-box""]",button,export-tab-epub,EPUB,点击执行所属流程；禁用/隐藏时不执行,/api/export/presets GET；导出后端按格式分流,"{""id"": ""export-tab-epub"", ""class"": ""exp-fmt"", ""data-fmt"": ""epub"", ""role"": ""tab"", ""aria-selected"": ""false"", ""aria-controls"": ""export-opts"", ""data-i18n"": ""export.fmtEpub""}",[],assets/index.html,1158,[],False,False
,F070,14 多格式导出、预设和预览,export-modal,"[""export-modal"", ""export-box""]",button,export-tab-html,HTML,点击执行所属流程；禁用/隐藏时不执行,/api/export/presets GET；导出后端按格式分流,"{""id"": ""export-tab-html"", ""class"": ""exp-fmt"", ""data-fmt"": ""html"", ""role"": ""tab"", ""aria-selected"": ""false"", ""aria-controls"": ""export-opts"", ""data-i18n"": ""export.fmtHtml""}",[],assets/index.html,1164,[],False,False
,F070,14 多格式导出、预设和预览,export-modal,"[""export-modal"", ""export-box""]",button,export-tab-tex,LaTeX,点击执行所属流程；禁用/隐藏时不执行,/api/export/presets GET；导出后端按格式分流,"{""id"": ""export-tab-tex"", ""class"": ""exp-fmt"", ""data-fmt"": ""tex"", ""role"": ""tab"", ""aria-selected"": ""false"", ""aria-controls"": ""export-opts"", ""data-i18n"": ""export.fmtTex""}",[],assets/index.html,1165,[],False,False
,F070,14 多格式导出、预设和预览,export-modal,"[""export-modal"", ""export-box""]",button,export-tab-presentation,幻灯片,点击执行所属流程；禁用/隐藏时不执行,/api/export/presets GET；导出后端按格式分流,"{""id"": ""export-tab-presentation"", ""class"": ""exp-fmt"", ""data-fmt"": ""presentation"", ""role"": ""tab"", ""aria-selected"": ""false"", ""aria-controls"": ""export-opts"", ""data-i18n"": ""export.fmtSlides""}",[],assets/index.html,1166,[],False,False
,F071,14 多格式导出、预设和预览,export-modal,"[""export-modal"", ""export-box""]",summary,,全部预设,点击/Enter展开或折叠所在details；不直接调用业务API,/api/export/presets GET/POST → export_styles.rs + server.rs h_export_presets；合并custom/last,"{""data-i18n"": ""export.presetList""}",[],assets/index.html,1172,[],False,False
,F071,14 多格式导出、预设和预览,export-modal,"[""export-modal"", ""export-box""]",select,exp-preset,样式预设,选择值触发change；完整值/显示文案见本行选项,/api/export/presets GET/POST → export_styles.rs + server.rs h_export_presets；合并custom/last,"{""id"": ""exp-preset""}",[],assets/index.html,1175,"[{""file"": ""assets/js/features/export.js"", ""lines"": [905, 1094, 1201, 1228, 1230, 1231, 1240, 1245, 1254, 1258, 1389, 1578]}, {""file"": ""assets/app.js"", ""lines"": [586]}]",False,False
,F071,14 多格式导出、预设和预览,export-modal,"[""export-modal"", ""export-box""]",button,exp-save-preset,存为预设…,点击执行所属流程；禁用/隐藏时不执行,/api/export/presets GET/POST → export_styles.rs + server.rs h_export_presets；合并custom/last,"{""id"": ""exp-save-preset"", ""class"": ""tb-btn"", ""data-i18n"": ""export.savePreset""}",[],assets/index.html,1180,"[{""file"": ""assets/app.js"", ""lines"": [582]}]",False,False
,F071,14 多格式导出、预设和预览,export-modal,"[""export-modal"", ""export-box""]",button,exp-reset,恢复默认,点击执行所属流程；禁用/隐藏时不执行,/api/export/presets GET/POST → export_styles.rs + server.rs h_export_presets；合并custom/last,"{""id"": ""exp-reset"", ""class"": ""tb-btn"", ""data-i18n"": ""export.restoreDefaults""}",[],assets/index.html,1181,"[{""file"": ""assets/app.js"", ""lines"": [583]}]",False,False
,F071,14 多格式导出、预设和预览,export-modal,"[""export-modal"", ""export-box"", ""exp-save-name""]",input,exp-save-input,预设名称,点击聚焦并编辑；提交/Enter与验证由所属流程规定,/api/export/presets GET/POST → export_styles.rs + server.rs h_export_presets；合并custom/last,"{""id"": ""exp-save-input"", ""type"": ""text"", ""placeholder"": ""预设名称"", ""aria-label"": ""预设名称"", ""data-i18n-placeholder"": ""export.presetName"", ""data-i18n-aria"": ""export.presetName"", ""maxlength"": ""64"", ""autocomplete"": ""off""}",[],assets/index.html,1184,"[{""file"": ""assets/js/features/export.js"", ""lines"": [1428]}]",False,False
,F071,14 多格式导出、预设和预览,export-modal,"[""export-modal"", ""export-box"", ""exp-save-name""]",button,exp-save-ok,保存,点击执行所属流程；禁用/隐藏时不执行,/api/export/presets GET/POST → export_styles.rs + server.rs h_export_presets；合并custom/last,"{""id"": ""exp-save-ok"", ""class"": ""tb-btn"", ""data-i18n"": ""editor.save""}",[],assets/index.html,1186,"[{""file"": ""assets/js/features/export.js"", ""lines"": [1431, 1432]}]",False,False
,F071,14 多格式导出、预设和预览,export-modal,"[""export-modal"", ""export-box"", ""exp-save-name""]",button,exp-save-cancel,取消,点击执行所属流程；禁用/隐藏时不执行,/api/export/presets GET/POST → export_styles.rs + server.rs h_export_presets；合并custom/last,"{""id"": ""exp-save-cancel"", ""class"": ""tb-btn"", ""data-i18n"": ""editor.cancel""}",[],assets/index.html,1187,"[{""file"": ""assets/js/features/export.js"", ""lines"": [1470]}]",False,False
,F072,14 多格式导出、预设和预览,export-modal,"[""export-modal"", ""export-box""]",button,export-preview-card,点击打开全屏排版预览,点击执行所属流程；禁用/隐藏时不执行,/api/export/preview → export_preview.rs/mdexport.rs；同输入的/api/export复用产物；页面栅格化ocr_winrt.rs,"{""id"": ""export-preview-card"", ""type"": ""button"", ""class"": ""export-preview-card"", ""aria-label"": ""打开全屏排版预览"", ""data-i18n-aria"": ""export.previewCardTitle"", ""title"": ""点击打开全屏排版预览"", ""data-i18n-title"": ""export.previewCardTitle""}",[],assets/index.html,1192,"[{""file"": ""assets/app.js"", ""lines"": [533, 534]}]",False,False
,F072,14 多格式导出、预设和预览,export-modal,"[""export-modal"", ""export-box""]",summary,,定制排版,点击/Enter展开或折叠所在details；不直接调用业务API,/api/export/preview → export_preview.rs/mdexport.rs；同输入的/api/export复用产物；页面栅格化ocr_winrt.rs,"{""data-i18n"": ""export.customize""}",[],assets/index.html,1209,[],False,False
,F075,14 多格式导出、预设和预览,export-modal,"[""export-modal"", ""export-box""]",button,export-print,使用浏览器打印对话框（可另存为 PDF）,点击执行所属流程；禁用/隐藏时不执行,前端window.print/宿主打印桥按当前绑定调用；不计为第七种格式,"{""id"": ""export-print"", ""class"": ""exp-print"", ""title"": ""使用浏览器打印对话框（可另存为 PDF）"", ""data-i18n-title"": ""export.printTitle""}",[],assets/index.html,1210,"[{""file"": ""assets/app.js"", ""lines"": [580]}]",False,False
,F073,14 多格式导出、预设和预览,export-modal,"[""export-modal"", ""export-box""]",input,exp-ai-prompt,例如：学术顶会 LaTeX 论文排版 / 莫兰迪画册风格...,点击聚焦并编辑；提交/Enter与验证由所属流程规定,/api/ai/chat；返回结构化排版配置而非任意代码,"{""id"": ""exp-ai-prompt"", ""type"": ""text"", ""placeholder"": ""例如：学术顶会 LaTeX 论文排版 / 莫兰迪画册风格..."", ""data-i18n-placeholder"": ""exportai.placeholder"", ""autocomplete"": ""off""}",[],assets/index.html,1221,"[{""file"": ""assets/js/features/export.js"", ""lines"": [1477]}]",False,False
,F073,14 多格式导出、预设和预览,export-modal,"[""export-modal"", ""export-box""]",button,exp-ai-gen-btn,AI 生成,点击执行所属流程；禁用/隐藏时不执行,/api/ai/chat；返回结构化排版配置而非任意代码,"{""id"": ""exp-ai-gen-btn"", ""class"": ""tb-btn"", ""data-i18n"": ""exportai.generateBtn""}",[],assets/index.html,1222,"[{""file"": ""assets/js/features/export.js"", ""lines"": [1476, 1490]}]",False,False
,F074,14 多格式导出、预设和预览,export-modal,"[""export-modal"", ""export-box""]",button,export-open,打开 Markdown,点击执行所属流程；禁用/隐藏时不执行,/api/export → mdexport.rs；EPUB /api/export/epub；演示Rust经/export写离线HTML，浏览器fallback /api/export/presentation；取消 /api/task/cancel,"{""id"": ""export-open"", ""class"": ""tb-btn hidden"", ""data-i18n"": ""app.open""}",[],assets/index.html,1234,"[{""file"": ""assets/js/features/export.js"", ""lines"": [264, 1272, 1384, 1386]}]",True,False
,F074,14 多格式导出、预设和预览,export-modal,"[""export-modal"", ""export-box""]",button,export-reveal,所在文件夹,点击执行所属流程；禁用/隐藏时不执行,/api/export → mdexport.rs；EPUB /api/export/epub；演示Rust经/export写离线HTML，浏览器fallback /api/export/presentation；取消 /api/task/cancel,"{""id"": ""export-reveal"", ""class"": ""tb-btn hidden"", ""data-i18n"": ""export.openFolder""}",[],assets/index.html,1235,"[{""file"": ""assets/js/features/export.js"", ""lines"": [265, 1273, 1385, 1387]}]",True,False
,F074,14 多格式导出、预设和预览,export-modal,"[""export-modal"", ""export-box""]",button,export-cancel,取消,点击执行所属流程；禁用/隐藏时不执行,/api/export → mdexport.rs；EPUB /api/export/epub；演示Rust经/export写离线HTML，浏览器fallback /api/export/presentation；取消 /api/task/cancel,"{""id"": ""export-cancel"", ""class"": ""tb-btn hidden"", ""data-i18n"": ""task.cancel""}",[],assets/index.html,1236,"[{""file"": ""assets/js/features/export.js"", ""lines"": [1282]}]",True,False
,F074,14 多格式导出、预设和预览,export-modal,"[""export-modal"", ""export-box""]",button,export-run,导出,点击执行所属流程；禁用/隐藏时不执行,/api/export → mdexport.rs；EPUB /api/export/epub；演示Rust经/export写离线HTML，浏览器fallback /api/export/presentation；取消 /api/task/cancel,"{""id"": ""export-run"", ""class"": ""tb-btn accent"", ""data-i18n"": ""export.exportAction""}",[],assets/index.html,1237,"[{""file"": ""assets/js/features/export.js"", ""lines"": [1279]}, {""file"": ""assets/app.js"", ""lines"": [581]}]",False,False
,F072,14 多格式导出、预设和预览,export-preview-modal,"[""export-preview-modal"", ""export-preview-box""]",button,export-preview-prev-btn,上一页 (Alt+←),点击执行所属流程；禁用/隐藏时不执行,/api/export/preview → export_preview.rs/mdexport.rs；同输入的/api/export复用产物；页面栅格化ocr_winrt.rs,"{""id"": ""export-preview-prev-btn"", ""class"": ""tb-btn export-preview-pager"", ""type"": ""button"", ""title"": ""上一页"", ""aria-label"": ""上一页"", ""data-i18n-title"": ""pagination.prevPage"", ""data-i18n-aria"": ""pagination.prevPage""}",[],assets/index.html,1249,"[{""file"": ""assets/js/features/export.js"", ""lines"": [892, 1003]}]",False,False
,F072,14 多格式导出、预设和预览,export-preview-modal,"[""export-preview-modal"", ""export-preview-box""]",button,export-preview-next-btn,下一页 (Alt+→),点击执行所属流程；禁用/隐藏时不执行,/api/export/preview → export_preview.rs/mdexport.rs；同输入的/api/export复用产物；页面栅格化ocr_winrt.rs,"{""id"": ""export-preview-next-btn"", ""class"": ""tb-btn export-preview-pager"", ""type"": ""button"", ""title"": ""下一页"", ""aria-label"": ""下一页"", ""data-i18n-title"": ""pagination.nextPage"", ""data-i18n-aria"": ""pagination.nextPage""}",[],assets/index.html,1250,"[{""file"": ""assets/js/features/export.js"", ""lines"": [892, 1004]}]",False,False
,F072,14 多格式导出、预设和预览,export-preview-modal,"[""export-preview-modal"", ""export-preview-box""]",button,export-preview-close,关闭,点击执行所属流程；禁用/隐藏时不执行,/api/export/preview → export_preview.rs/mdexport.rs；同输入的/api/export复用产物；页面栅格化ocr_winrt.rs,"{""id"": ""export-preview-close"", ""class"": ""tb-btn icon"", ""aria-label"": ""关闭预览"", ""data-i18n-aria"": ""toolbar.close""}",[],assets/index.html,1252,"[{""file"": ""assets/app.js"", ""lines"": [542, 543]}]",False,False
,F058,11 万物转 MD 与批量导入,convert-modal,"[""convert-modal"", ""convert-box""]",button,convert-close,关闭,点击执行所属流程；禁用/隐藏时不执行,/api/dialog/choose-many-files、choose-folder、/api/upload、/api/convert/collect、batch；具体格式矩阵见 formats.md,"{""id"": ""convert-close"", ""class"": ""tb-btn icon modal-close-btn"", ""aria-label"": ""关闭"", ""data-i18n-aria"": ""toolbar.close""}",[],assets/index.html,1270,"[{""file"": ""assets/app.js"", ""lines"": [134]}]",False,False
,F058,11 万物转 MD 与批量导入,convert-modal,"[""convert-modal"", ""convert-box""]",button,convert-files,选择文件...,点击执行所属流程；禁用/隐藏时不执行,/api/dialog/choose-many-files、choose-folder、/api/upload、/api/convert/collect、batch；具体格式矩阵见 formats.md,"{""id"": ""convert-files"", ""class"": ""tb-btn accent"", ""data-i18n"": ""convert.selectFiles""}",[],assets/index.html,1276,"[{""file"": ""assets/js/features/batch.js"", ""lines"": [312]}, {""file"": ""assets/app.js"", ""lines"": [132]}]",False,False
,F058,11 万物转 MD 与批量导入,convert-modal,"[""convert-modal"", ""convert-box""]",button,convert-folder,选择文件夹...,点击执行所属流程；禁用/隐藏时不执行,/api/dialog/choose-many-files、choose-folder、/api/upload、/api/convert/collect、batch；具体格式矩阵见 formats.md,"{""id"": ""convert-folder"", ""class"": ""tb-btn"", ""data-i18n"": ""convert.selectFolder""}",[],assets/index.html,1277,"[{""file"": ""assets/js/features/batch.js"", ""lines"": [312]}, {""file"": ""assets/app.js"", ""lines"": [133]}]",False,False
,F062,12 插件中心,convert-modal,"[""convert-modal"", ""convert-box""]",button,btn-open-plugins,管理 Docling、EasyOCR、LaTeX 增强与 Whisper 音视频转录等扩展,点击执行所属流程；禁用/隐藏时不执行,/api/plugins/list → plugin_manager.rs plugin_manifest/native_support；按实际installed/native标志渲染,"{""id"": ""btn-open-plugins"", ""class"": ""tb-btn"", ""title"": ""管理扩展插件"", ""data-i18n-title"": ""convert.pluginsTooltip"", ""aria-haspopup"": ""dialog""}",[],assets/index.html,1278,"[{""file"": ""assets/app.js"", ""lines"": [139]}]",False,False
,F058,11 万物转 MD 与批量导入,convert-modal,"[""convert-modal"", ""convert-box""]",input,convert-overwrite,convert-overwrite,点击切换开关；按所属流程立即保存、仅影响本次任务或待保存表单,/api/dialog/choose-many-files、choose-folder、/api/upload、/api/convert/collect、batch；具体格式矩阵见 formats.md,"{""id"": ""convert-overwrite"", ""type"": ""checkbox""}",[],assets/index.html,1284,"[{""file"": ""assets/js/core/dragdrop.js"", ""lines"": [94]}, {""file"": ""assets/js/features/batch.js"", ""lines"": [234, 312]}, {""file"": ""assets/js/features/convert.js"", ""lines"": [54, 59, 73]}]",False,False
,F100,11 万物转 MD 与批量导入,convert-modal,"[""convert-modal"", ""convert-box""]",select,convert-speech-language,语音识别语言 系统语言 中文 English 日本語,选择值触发change；完整值/显示文案见本行选项,/api/convert、/api/convert/batch、/api/transcribe → transcribe.rs/speech.rs，媒体解码复用本机FFmpeg,"{""id"": ""convert-speech-language""}","[{""value"": ""auto"", ""text"": ""系统语言""}, {""value"": ""zh"", ""text"": ""中文""}, {""value"": ""en"", ""text"": ""English""}, {""value"": ""ja"", ""text"": ""日本語""}]",assets/index.html,1288,"[{""file"": ""assets/js/features/batch.js"", ""lines"": [312]}, {""file"": ""assets/js/features/convert.js"", ""lines"": [17]}]",False,False
,F059,11 万物转 MD 与批量导入,convert-modal,"[""convert-modal"", ""convert-box""]",button,batch-cancel,取消全部,点击执行所属流程；禁用/隐藏时不执行,/api/convert/progress、cancel；/api/ocr save=1&on_exists=skip/overwrite；/api/system/open-path,"{""id"": ""batch-cancel"", ""class"": ""tb-btn hidden"", ""data-i18n"": ""batch.cancel""}",[],assets/index.html,1297,"[{""file"": ""assets/js/features/batch.js"", ""lines"": [48, 138, 332]}, {""file"": ""assets/js/features/convert.js"", ""lines"": [31]}, {""file"": ""assets/app.js"", ""lines"": [145]}]",True,False
,F059,11 万物转 MD 与批量导入,convert-modal,"[""convert-modal"", ""convert-box""]",button,convert-open-dir,打开结果目录,点击执行所属流程；禁用/隐藏时不执行,/api/convert/progress、cancel；/api/ocr save=1&on_exists=skip/overwrite；/api/system/open-path,"{""id"": ""convert-open-dir"", ""class"": ""tb-btn hidden"", ""data-i18n"": ""convert.openDir""}",[],assets/index.html,1298,"[{""file"": ""assets/js/features/batch.js"", ""lines"": [43, 280]}, {""file"": ""assets/js/features/convert.js"", ""lines"": [32]}, {""file"": ""assets/app.js"", ""lines"": [135]}]",True,False
,F062,12 插件中心,plugin-modal,"[""plugin-modal"", ""plugin-box""]",button,plugin-close,关闭,点击执行所属流程；禁用/隐藏时不执行,/api/plugins/list → plugin_manager.rs plugin_manifest/native_support；按实际installed/native标志渲染,"{""id"": ""plugin-close"", ""class"": ""tb-btn icon modal-close-btn"", ""aria-label"": ""关闭"", ""data-i18n-aria"": ""toolbar.close""}",[],assets/index.html,1312,"[{""file"": ""assets/app.js"", ""lines"": [141]}]",False,False
,F062,12 插件中心,plugin-modal,"[""plugin-modal"", ""plugin-box""]",summary,,运行信息,点击/Enter展开或折叠所在details；不直接调用业务API,/api/plugins/list → plugin_manager.rs plugin_manifest/native_support；按实际installed/native标志渲染,"{""data-i18n"": ""plugin.runtimeDetails""}",[],assets/index.html,1317,[],False,False
,F062,12 插件中心,plugin-modal,"[""plugin-modal"", ""plugin-box"", ""plugin-category-tabs""]",button,,全部,点击执行所属流程；禁用/隐藏时不执行,/api/plugins/list → plugin_manager.rs plugin_manifest/native_support；按实际installed/native标志渲染,"{""class"": ""plugin-tab-pill active"", ""data-category"": ""all"", ""data-i18n"": ""plugin.filter.all""}",[],assets/index.html,1339,[],False,False
,F062,12 插件中心,plugin-modal,"[""plugin-modal"", ""plugin-box"", ""plugin-category-tabs""]",button,,复杂 OCR,点击执行所属流程；禁用/隐藏时不执行,/api/plugins/list → plugin_manager.rs plugin_manifest/native_support；按实际installed/native标志渲染,"{""class"": ""plugin-tab-pill"", ""data-category"": ""ocr"", ""data-i18n"": ""plugin.category.ocr""}",[],assets/index.html,1340,[],False,False
,F062,12 插件中心,plugin-modal,"[""plugin-modal"", ""plugin-box"", ""plugin-category-tabs""]",button,,学术与文档,点击执行所属流程；禁用/隐藏时不执行,/api/plugins/list → plugin_manager.rs plugin_manifest/native_support；按实际installed/native标志渲染,"{""class"": ""plugin-tab-pill"", ""data-category"": ""document"", ""data-i18n"": ""plugin.category.document""}",[],assets/index.html,1341,[],False,False
,F062,12 插件中心,plugin-modal,"[""plugin-modal"", ""plugin-box"", ""plugin-category-tabs""]",button,,语音识别,点击执行所属流程；禁用/隐藏时不执行,/api/plugins/list → plugin_manager.rs plugin_manifest/native_support；按实际installed/native标志渲染,"{""class"": ""plugin-tab-pill"", ""data-category"": ""audio"", ""data-i18n"": ""plugin.category.audio""}",[],assets/index.html,1342,[],False,False
,F062,12 插件中心,plugin-modal,"[""plugin-modal"", ""plugin-box"", ""plugin-category-tabs""]",button,,网页提取,点击执行所属流程；禁用/隐藏时不执行,/api/plugins/list → plugin_manager.rs plugin_manifest/native_support；按实际installed/native标志渲染,"{""class"": ""plugin-tab-pill"", ""data-category"": ""web"", ""data-i18n"": ""plugin.category.web""}",[],assets/index.html,1343,[],False,False
,F062,12 插件中心,plugin-modal,"[""plugin-modal"", ""plugin-box"", ""plugin-category-tabs""]",button,,工具链桥接,点击执行所属流程；禁用/隐藏时不执行,/api/plugins/list → plugin_manager.rs plugin_manifest/native_support；按实际installed/native标志渲染,"{""class"": ""plugin-tab-pill"", ""data-category"": ""tools"", ""data-i18n"": ""plugin.category.tools""}",[],assets/index.html,1344,[],False,False
,F085,18 应用更新,update-modal,"[""update-modal"", ""update-box""]",button,update-close,关闭,点击执行所属流程；禁用/隐藏时不执行,/api/update/check、download、status、cancel、apply → updater.rs 代理/回退/检查；batch2.rs 下载与哈希门；update_install.rs Windows安装器/事务替换/一份回滚文件/辅助程序清理；文档草稿由 document-history.js 保护。,"{""id"": ""update-close"", ""class"": ""tb-btn icon"", ""aria-label"": ""关闭更新窗口"", ""data-i18n-aria"": ""toolbar.close""}",[],assets/index.html,1361,"[{""file"": ""assets/app.js"", ""lines"": [690]}]",False,False
,F085,18 应用更新,update-modal,"[""update-modal"", ""update-box""]",input,update-use-mirror,update-use-mirror,点击切换开关；按所属流程立即保存、仅影响本次任务或待保存表单,/api/update/check、download、status、cancel、apply → updater.rs 代理/回退/检查；batch2.rs 下载与哈希门；update_install.rs Windows安装器/事务替换/一份回滚文件/辅助程序清理；文档草稿由 document-history.js 保护。,"{""id"": ""update-use-mirror"", ""type"": ""checkbox""}",[],assets/index.html,1382,"[{""file"": ""assets/js/features/updater.js"", ""lines"": [157]}]",False,False
,F085,18 应用更新,update-modal,"[""update-modal"", ""update-box""]",button,btn-update-browser,在浏览器中打开,点击执行所属流程；禁用/隐藏时不执行,/api/update/check、download、status、cancel、apply → updater.rs 代理/回退/检查；batch2.rs 下载与哈希门；update_install.rs Windows安装器/事务替换/一份回滚文件/辅助程序清理；文档草稿由 document-history.js 保护。,"{""id"": ""btn-update-browser"", ""class"": ""tb-btn"", ""data-i18n"": ""update.viewOnBrowser""}",[],assets/index.html,1386,"[{""file"": ""assets/app.js"", ""lines"": [693]}]",False,False
,F085,18 应用更新,update-modal,"[""update-modal"", ""update-box""]",button,btn-update-cancel,稍后提醒,点击执行所属流程；禁用/隐藏时不执行,/api/update/check、download、status、cancel、apply → updater.rs 代理/回退/检查；batch2.rs 下载与哈希门；update_install.rs Windows安装器/事务替换/一份回滚文件/辅助程序清理；文档草稿由 document-history.js 保护。,"{""id"": ""btn-update-cancel"", ""class"": ""tb-btn hidden"", ""data-i18n"": ""update.cancel""}",[],assets/index.html,1388,"[{""file"": ""assets/js/features/updater.js"", ""lines"": [164, 198, 250, 258, 273, 292, 300]}, {""file"": ""assets/app.js"", ""lines"": [692]}]",True,False
,F085,18 应用更新,update-modal,"[""update-modal"", ""update-box""]",button,btn-update-start,立即下载并更新,点击执行所属流程；禁用/隐藏时不执行,/api/update/check、download、status、cancel、apply → updater.rs 代理/回退/检查；batch2.rs 下载与哈希门；update_install.rs Windows安装器/事务替换/一份回滚文件/辅助程序清理；文档草稿由 document-history.js 保护。,"{""id"": ""btn-update-start"", ""class"": ""tb-btn accent"", ""data-i18n"": ""update.installNow""}",[],assets/index.html,1389,"[{""file"": ""assets/js/features/updater.js"", ""lines"": [120, 121, 127, 128, 163, 199, 241, 248, 249, 256, 257, 274, 299, 305, 306, 321, 322]}, {""file"": ""assets/app.js"", ""lines"": [691]}]",False,False
,F099,03 目录、搜索、分页和阅读偏好,global,[],button,top-btn,回到顶部,点击执行所属流程；禁用/隐藏时不执行,前端处理；不调用业务后端,"{""id"": ""top-btn"", ""class"": ""hidden"", ""title"": ""回到顶部"", ""data-i18n-title"": ""toolbar.backToTop""}",[],assets/index.html,1398,"[{""file"": ""assets/app.js"", ""lines"": [595, 680]}]",True,False
,F001,01 启动、主页与全局入口,global,[],input,file-input,file-input,由可见导入/选择按钮触发文件选择；change进入相应处理流程,/api/dialog/choose-file、/api/upload、/api/file；server.rs 文件读取/上传 → content.rs 读取与修正；格式分流见 formats.md,"{""id"": ""file-input"", ""type"": ""file"", ""class"": ""hidden""}",[],assets/index.html,1399,"[{""file"": ""assets/js/features/convert.js"", ""lines"": [44, 141]}, {""file"": ""assets/js/reader/render.js"", ""lines"": [3182]}, {""file"": ""assets/app.js"", ""lines"": [388, 389, 649]}]",True,False
,F028,06 插入图片、表格、公式和高级块,global,[],input,img-file-input,img-file-input,由可见导入/选择按钮触发文件选择；change进入相应处理流程,选择本地图片浏览器 FileReader；URL 生成源码；本地编辑后的结果 /api/image/save,"{""id"": ""img-file-input"", ""type"": ""file"", ""accept"": ""image/*"", ""class"": ""hidden""}",[],assets/index.html,1400,"[{""file"": ""assets/app.js"", ""lines"": [388, 389]}]",True,False
,F010,02 多标签、标题和文件管理,tab-context-menu,"[""tab-context-menu""]",button,,左移,委托操作：move-left,顺序保留在前端标签数组；关闭时可能触发保存；复制使用剪贴板,"{""role"": ""menuitem"", ""tabindex"": ""-1"", ""data-action"": ""move-left"", ""data-i18n"": ""tabs.moveLeft""}",[],assets/index.html,1404,[],False,False
,F010,02 多标签、标题和文件管理,tab-context-menu,"[""tab-context-menu""]",button,,右移,委托操作：move-right,顺序保留在前端标签数组；关闭时可能触发保存；复制使用剪贴板,"{""role"": ""menuitem"", ""tabindex"": ""-1"", ""data-action"": ""move-right"", ""data-i18n"": ""tabs.moveRight""}",[],assets/index.html,1405,[],False,False
,F010,02 多标签、标题和文件管理,tab-context-menu,"[""tab-context-menu""]",button,,关闭标签,委托操作：close,顺序保留在前端标签数组；关闭时可能触发保存；复制使用剪贴板,"{""role"": ""menuitem"", ""tabindex"": ""-1"", ""data-action"": ""close"", ""data-i18n"": ""tabs.closeTab""}",[],assets/index.html,1407,[],False,False
,F010,02 多标签、标题和文件管理,tab-context-menu,"[""tab-context-menu""]",button,,关闭其他标签,委托操作：close-others,顺序保留在前端标签数组；关闭时可能触发保存；复制使用剪贴板,"{""role"": ""menuitem"", ""tabindex"": ""-1"", ""data-action"": ""close-others"", ""data-i18n"": ""tabs.closeOthers""}",[],assets/index.html,1408,[],False,False
,F010,02 多标签、标题和文件管理,tab-context-menu,"[""tab-context-menu""]",button,,关闭所有标签,委托操作：close-all,顺序保留在前端标签数组；关闭时可能触发保存；复制使用剪贴板,"{""role"": ""menuitem"", ""tabindex"": ""-1"", ""data-action"": ""close-all"", ""data-i18n"": ""tabs.closeAll""}",[],assets/index.html,1409,[],False,False
,F010,02 多标签、标题和文件管理,tab-context-menu,"[""tab-context-menu""]",button,,重命名 (F2 / 双击),委托操作：rename,顺序保留在前端标签数组；关闭时可能触发保存；复制使用剪贴板,"{""role"": ""menuitem"", ""tabindex"": ""-1"", ""data-action"": ""rename"", ""data-i18n"": ""tabs.rename""}",[],assets/index.html,1411,[],False,False
,F010,02 多标签、标题和文件管理,tab-context-menu,"[""tab-context-menu""]",button,,复制文件路径,委托操作：copy-path,顺序保留在前端标签数组；关闭时可能触发保存；复制使用剪贴板,"{""role"": ""menuitem"", ""tabindex"": ""-1"", ""data-action"": ""copy-path"", ""data-i18n"": ""tabs.copyPath""}",[],assets/index.html,1412,[],False,False
,F084,17 修复报告、样式定制和系统设置,lang-modal,"[""lang-modal""]",button,lang-modal-close,关闭,点击执行所属流程；禁用/隐藏时不执行,/api/system/assoc POST {op:register|status}、/api/autostart/get、set；win_registry.rs modern_association_writes/default_executable、native_system.rs shell_open；四种扩展名 .md/.markdown/.mdown/.mkd。,"{""id"": ""lang-modal-close"", ""class"": ""modal-close"", ""aria-label"": ""关闭"", ""data-i18n-aria"": ""toolbar.close""}",[],assets/index.html,1436,"[{""file"": ""assets/app.js"", ""lines"": [935]}]",False,False
,F084,17 修复报告、样式定制和系统设置,lang-modal,"[""lang-modal""]",input,lang-search-input,搜索语言 / Search language...,点击聚焦并编辑；提交/Enter与验证由所属流程规定,/api/system/assoc POST {op:register|status}、/api/autostart/get、set；win_registry.rs modern_association_writes/default_executable、native_system.rs shell_open；四种扩展名 .md/.markdown/.mdown/.mkd。,"{""id"": ""lang-search-input"", ""class"": ""lang-search-input"", ""type"": ""text"", ""placeholder"": ""搜索语言 / Search language..."", ""aria-label"": ""搜索语言"", ""aria-controls"": ""lang-grid"", ""data-i18n-placeholder"": ""lang.search"", ""data-i18n-aria"": ""lang.search""}",[],assets/index.html,1439,"[{""file"": ""assets/js/core/i18n.js"", ""lines"": [358, 431]}, {""file"": ""assets/app.js"", ""lines"": [936]}]",False,False
,F031,06 插入图片、表格、公式和高级块,table-modal,"[""table-modal""]",button,table-modal-close,关闭,点击执行所属流程；禁用/隐藏时不执行,前端处理；不调用业务后端,"{""id"": ""table-modal-close"", ""class"": ""modal-close"", ""aria-label"": ""关闭"", ""data-i18n-aria"": ""toolbar.close""}",[],assets/index.html,1450,"[{""file"": ""assets/app.js"", ""lines"": [937]}]",False,False
,F015,03 目录、搜索、分页和阅读偏好,statusbar,"[""statusbar""]",button,status-pagination,切换分页阅读模式,点击执行所属流程；禁用/隐藏时不执行,分块与页切换在前端；初始内容来自 /api/file 或虚拟文档,"{""id"": ""status-pagination"", ""type"": ""button"", ""class"": ""status-pagination hidden"", ""title"": ""点击切换阅读模式"", ""data-i18n-title"": ""pagination.switchModeTitle""}",[],assets/index.html,1465,"[{""file"": ""assets/js/reader/render.js"", ""lines"": [554, 621, 825]}]",True,False
,F085,18 应用更新,statusbar,"[""statusbar""]",button,status-update-badge,点击查看新版本并更新,点击执行所属流程；禁用/隐藏时不执行,/api/update/check、download、status、cancel、apply → updater.rs 代理/回退/检查；batch2.rs 下载与哈希门；update_install.rs Windows安装器/事务替换/一份回滚文件/辅助程序清理；文档草稿由 document-history.js 保护。,"{""id"": ""status-update-badge"", ""class"": ""status-update-badge hidden"", ""title"": ""点击查看新版本并更新"", ""data-i18n-title"": ""status.clickToUpdate""}",[],assets/index.html,1470,"[{""file"": ""assets/js/features/updater.js"", ""lines"": [69, 70, 81]}, {""file"": ""assets/app.js"", ""lines"": [689]}]",True,False
,F006,01 启动、主页与全局入口,statusbar,"[""statusbar""]",button,btn-home,回到主页,点击执行所属流程；禁用/隐藏时不执行,读取最近记录；返回主页本身不删除文件,"{""id"": ""btn-home"", ""class"": ""status-btn-home hidden"", ""title"": ""返回主页"", ""data-i18n-title"": ""toolbar.home""}",[],assets/index.html,1475,"[{""file"": ""assets/js/core/history.js"", ""lines"": [350]}, {""file"": ""assets/js/core/tabs.js"", ""lines"": [64]}, {""file"": ""assets/app.js"", ""lines"": [86]}]",True,False
,F083,17 修复报告、样式定制和系统设置,style-custom-modal,"[""style-custom-modal""]",button,style-modal-close,关闭,点击执行所属流程；禁用/隐藏时不执行,/api/style/get、save → server.rs；AI /api/ai/chat 使用readmd-style-custom,"{""id"": ""style-modal-close"", ""class"": ""modal-close"", ""aria-label"": ""关闭"", ""data-i18n-aria"": ""toolbar.close""}",[],assets/index.html,1487,"[{""file"": ""assets/app.js"", ""lines"": [745]}]",False,False
,F083,17 修复报告、样式定制和系统设置,style-custom-modal,"[""style-custom-modal""]",button,style-load-retry,重新加载,点击执行所属流程；禁用/隐藏时不执行,/api/style/get、save → server.rs；AI /api/ai/chat 使用readmd-style-custom,"{""id"": ""style-load-retry"", ""type"": ""button"", ""class"": ""tb-btn hidden"", ""data-i18n"": ""audit.retryLoad""}",[],assets/index.html,1493,"[{""file"": ""assets/app.js"", ""lines"": [748, 1313]}]",True,False
,F083,17 修复报告、样式定制和系统设置,style-custom-modal,"[""style-custom-modal""]",button,btn-preset-indent,首行缩进,点击执行所属流程；禁用/隐藏时不执行,/api/style/get、save → server.rs；AI /api/ai/chat 使用readmd-style-custom,"{""type"": ""button"", ""class"": ""btn-preset"", ""id"": ""btn-preset-indent"", ""data-i18n"": ""dialog.stylePresetIndent""}",[],assets/index.html,1498,"[{""file"": ""assets/app.js"", ""lines"": [898]}]",False,False
,F083,17 修复报告、样式定制和系统设置,style-custom-modal,"[""style-custom-modal""]",button,btn-preset-table,精美表格,点击执行所属流程；禁用/隐藏时不执行,/api/style/get、save → server.rs；AI /api/ai/chat 使用readmd-style-custom,"{""type"": ""button"", ""class"": ""btn-preset"", ""id"": ""btn-preset-table"", ""data-i18n"": ""dialog.stylePresetTable""}",[],assets/index.html,1499,"[{""file"": ""assets/app.js"", ""lines"": [899]}]",False,False
,F083,17 修复报告、样式定制和系统设置,style-custom-modal,"[""style-custom-modal""]",button,btn-preset-font,等宽代码字体,点击执行所属流程；禁用/隐藏时不执行,/api/style/get、save → server.rs；AI /api/ai/chat 使用readmd-style-custom,"{""type"": ""button"", ""class"": ""btn-preset"", ""id"": ""btn-preset-font"", ""data-i18n"": ""dialog.stylePresetFont""}",[],assets/index.html,1500,"[{""file"": ""assets/app.js"", ""lines"": [900]}]",False,False
,F083,17 修复报告、样式定制和系统设置,style-custom-modal,"[""style-custom-modal""]",button,btn-preset-print,打印分页优化,点击执行所属流程；禁用/隐藏时不执行,/api/style/get、save → server.rs；AI /api/ai/chat 使用readmd-style-custom,"{""type"": ""button"", ""class"": ""btn-preset"", ""id"": ""btn-preset-print"", ""data-i18n"": ""dialog.stylePresetPrint""}",[],assets/index.html,1501,"[{""file"": ""assets/app.js"", ""lines"": [901]}]",False,False
,F083,17 修复报告、样式定制和系统设置,style-custom-modal,"[""style-custom-modal""]",input,style-ai-prompt,输入排版风格诉求，例如：适合学术论文的衬线体与优雅边距...,点击聚焦并编辑；提交/Enter与验证由所属流程规定,/api/style/get、save → server.rs；AI /api/ai/chat 使用readmd-style-custom,"{""type"": ""text"", ""id"": ""style-ai-prompt"", ""class"": ""style-ai-input"", ""placeholder"": ""输入排版风格诉求，例如：适合学术论文的衬线体与优雅边距..."", ""data-i18n-placeholder"": ""styleai.placeholder""}",[],assets/index.html,1505,"[{""file"": ""assets/app.js"", ""lines"": [759, 870, 871]}]",False,False
,F083,17 修复报告、样式定制和系统设置,style-custom-modal,"[""style-custom-modal""]",button,style-ai-gen-btn,AI 生成样式,点击执行所属流程；禁用/隐藏时不执行,/api/style/get、save → server.rs；AI /api/ai/chat 使用readmd-style-custom,"{""type"": ""button"", ""id"": ""style-ai-gen-btn"", ""class"": ""tb-btn"", ""data-i18n"": ""styleai.generate""}",[],assets/index.html,1506,"[{""file"": ""assets/app.js"", ""lines"": [767, 869, 1318]}]",False,False
,F083,17 修复报告、样式定制和系统设置,style-custom-modal,"[""style-custom-modal""]",textarea,style-custom-css,/* 例如：\n.markdown-body { font-size: 16px; }\n*/,点击聚焦并编辑；提交/Enter与验证由所属流程规定,/api/style/get、save → server.rs；AI /api/ai/chat 使用readmd-style-custom,"{""id"": ""style-custom-css"", ""class"": ""style-code-editor"", ""placeholder"": ""/* 例如：\\n.markdown-body p { text-indent: 2em; }\\n*/"", ""data-i18n-placeholder"": ""dialog.styleCustomCssPlaceholder""}",[],assets/index.html,1512,"[{""file"": ""assets/app.js"", ""lines"": [837, 838, 887, 904, 1340, 1361, 1385]}]",False,False
,F083,17 修复报告、样式定制和系统设置,style-custom-modal,"[""style-custom-modal""]",textarea,style-custom-head,"<!-- 例如：\n<link rel=""stylesheet"" href=""https://fonts.googleapis.com/..."">\n-->",点击聚焦并编辑；提交/Enter与验证由所属流程规定,/api/style/get、save → server.rs；AI /api/ai/chat 使用readmd-style-custom,"{""id"": ""style-custom-head"", ""class"": ""style-code-editor"", ""style"": ""min-height:90px;"", ""placeholder"": ""<!-- 例如：\\n<link rel='stylesheet' href='https://fonts.googleapis.com/...'>\\n-->"", ""data-i18n-placeholder"": ""dialog.styleCustomHeadPlaceholder""}",[],assets/index.html,1516,"[{""file"": ""assets/app.js"", ""lines"": [840, 841, 904, 1341, 1362, 1385]}]",False,False
,F083,17 修复报告、样式定制和系统设置,style-custom-modal,"[""style-custom-modal""]",button,style-modal-cancel,取消,点击执行所属流程；禁用/隐藏时不执行,/api/style/get、save → server.rs；AI /api/ai/chat 使用readmd-style-custom,"{""id"": ""style-modal-cancel"", ""class"": ""tb-btn"", ""data-i18n"": ""dialog.cancel""}",[],assets/index.html,1520,"[{""file"": ""assets/app.js"", ""lines"": [746]}]",False,False
,F083,17 修复报告、样式定制和系统设置,style-custom-modal,"[""style-custom-modal""]",button,style-modal-save,保存并即时生效,点击执行所属流程；禁用/隐藏时不执行,/api/style/get、save → server.rs；AI /api/ai/chat 使用readmd-style-custom,"{""id"": ""style-modal-save"", ""class"": ""tb-btn accent"", ""data-i18n"": ""dialog.styleCustomSave""}",[],assets/index.html,1521,"[{""file"": ""assets/app.js"", ""lines"": [747, 1318, 1355]}]",False,False
,F033,06 插入图片、表格、公式和高级块,code-chunk-modal,"[""code-chunk-modal""]",button,code-chunk-modal-close,关闭,点击执行所属流程；禁用/隐藏时不执行,插入前端处理；点击运行后 /api/code/run → parity_code.rs + code_chunk_runner.rs,"{""id"": ""code-chunk-modal-close"", ""class"": ""modal-close"", ""aria-label"": ""关闭"", ""data-i18n-aria"": ""toolbar.close""}",[],assets/index.html,1531,"[{""file"": ""assets/app.js"", ""lines"": [237, 707]}]",False,False
,F033,06 插入图片、表格、公式和高级块,code-chunk-modal,"[""code-chunk-modal""]",select,code-chunk-lang,编程语言：,选择值触发change；完整值/显示文案见本行选项,插入前端处理；点击运行后 /api/code/run → parity_code.rs + code_chunk_runner.rs,"{""id"": ""code-chunk-lang"", ""class"": ""modal-select""}","[{""value"": ""python"", ""text"": ""Python (Pyodide / 本地运行)""}, {""value"": ""javascript"", ""text"": ""JavaScript (Node / Web)""}, {""value"": ""bash"", ""text"": ""Bash / Shell""}, {""value"": ""r"", ""text"": ""R (科学计算)""}, {""value"": ""php"", ""text"": ""PHP""}, {""value"": ""go"", ""text"": ""Go""}, {""value"": ""ruby"", ""text"": ""Ruby""}]",assets/index.html,1536,"[{""file"": ""assets/js/editor/editor.js"", ""lines"": [759, 774]}, {""file"": ""assets/app.js"", ""lines"": [240, 711, 712, 714]}]",False,False
,F033,06 插入图片、表格、公式和高级块,code-chunk-modal,"[""code-chunk-modal""]",input,code-chunk-opt-plot,code-chunk-opt-plot,点击切换开关；按所属流程立即保存、仅影响本次任务或待保存表单,插入前端处理；点击运行后 /api/code/run → parity_code.rs + code_chunk_runner.rs,"{""id"": ""code-chunk-opt-plot"", ""type"": ""checkbox"", ""checked"": null}",[],assets/index.html,1548,"[{""file"": ""assets/js/editor/editor.js"", ""lines"": [775]}]",False,False
,F033,06 插入图片、表格、公式和高级块,code-chunk-modal,"[""code-chunk-modal""]",input,code-chunk-opt-hide,code-chunk-opt-hide,点击切换开关；按所属流程立即保存、仅影响本次任务或待保存表单,插入前端处理；点击运行后 /api/code/run → parity_code.rs + code_chunk_runner.rs,"{""id"": ""code-chunk-opt-hide"", ""type"": ""checkbox""}",[],assets/index.html,1552,"[{""file"": ""assets/js/editor/editor.js"", ""lines"": [776]}]",False,False
,F033,06 插入图片、表格、公式和高级块,code-chunk-modal,"[""code-chunk-modal""]",textarea,code-chunk-code,代码内容：,点击聚焦并编辑；提交/Enter与验证由所属流程规定,插入前端处理；点击运行后 /api/code/run → parity_code.rs + code_chunk_runner.rs,"{""id"": ""code-chunk-code"", ""class"": ""modal-textarea"", ""placeholder"": ""import matplotlib.pyplot as plt\\nimport numpy as np\\nx = np.linspace(0, 10, 100)\\nplt.plot(x, np.sin(x))\\nplt.show()""}",[],assets/index.html,1558,"[{""file"": ""assets/js/editor/editor.js"", ""lines"": [760, 777, 778]}, {""file"": ""assets/app.js"", ""lines"": [241, 713, 714]}]",False,False
,F033,06 插入图片、表格、公式和高级块,code-chunk-modal,"[""code-chunk-modal""]",button,code-chunk-cancel,取消,点击执行所属流程；禁用/隐藏时不执行,插入前端处理；点击运行后 /api/code/run → parity_code.rs + code_chunk_runner.rs,"{""id"": ""code-chunk-cancel"", ""class"": ""tb-btn"", ""data-i18n"": ""dialog.cancel""}",[],assets/index.html,1561,"[{""file"": ""assets/app.js"", ""lines"": [238, 708]}]",False,False
,F033,06 插入图片、表格、公式和高级块,code-chunk-modal,"[""code-chunk-modal""]",button,code-chunk-insert,插入,点击执行所属流程；禁用/隐藏时不执行,插入前端处理；点击运行后 /api/code/run → parity_code.rs + code_chunk_runner.rs,"{""id"": ""code-chunk-insert"", ""class"": ""tb-btn accent"", ""data-i18n"": ""editor.insert""}",[],assets/index.html,1562,"[{""file"": ""assets/app.js"", ""lines"": [239, 709]}]",False,False
,F034,06 插入图片、表格、公式和高级块,diagram-modal,"[""diagram-modal""]",button,diagram-modal-close,关闭,点击执行所属流程；禁用/隐藏时不执行,插入前端；渲染路径详见第07层和 api.md,"{""id"": ""diagram-modal-close"", ""class"": ""modal-close"", ""aria-label"": ""关闭"", ""data-i18n-aria"": ""toolbar.close""}",[],assets/index.html,1573,"[{""file"": ""assets/app.js"", ""lines"": [249, 720]}]",False,False
,F034,06 插入图片、表格、公式和高级块,diagram-modal,"[""diagram-modal""]",select,diagram-type,图表类型：,选择值触发change；完整值/显示文案见本行选项,插入前端；渲染路径详见第07层和 api.md,"{""id"": ""diagram-type"", ""class"": ""modal-select""}","[{""value"": ""plantuml"", ""text"": ""PlantUML (时序图 / 架构图 / UML)""}, {""value"": ""tikz"", ""text"": ""TikZ / PGFPlots (LaTeX 矢量几何与函数图 · 离线)""}, {""value"": ""wavedrom"", ""text"": ""WaveDrom (数字电路波形图 · 离线)""}, {""value"": ""vega-lite"", ""text"": ""Vega-Lite (统计数据可视化与图表 · 离线)""}, {""value"": ""chart"", ""text"": ""Chart.js (图表 · 离线)""}, {""value"": ""graphviz"", ""text"": ""Graphviz / DOT (有向图与网络拓扑 · 离线)""}, {""value"": ""bitfield"", ""text"": ""BitField (硬件寄存器与协议字段图 · 离线)""}]",assets/index.html,1578,"[{""file"": ""assets/js/editor/editor.js"", ""lines"": [808, 823]}, {""file"": ""assets/js/reader/render.js"", ""lines"": [2502]}, {""file"": ""assets/app.js"", ""lines"": [252, 724, 725, 727]}]",False,False
,F034,06 插入图片、表格、公式和高级块,diagram-modal,"[""diagram-modal""]",textarea,diagram-code,图表代码模版：,点击聚焦并编辑；提交/Enter与验证由所属流程规定,插入前端；渲染路径详见第07层和 api.md,"{""id"": ""diagram-code"", ""class"": ""modal-textarea""}",[],assets/index.html,1590,"[{""file"": ""assets/js/editor/editor.js"", ""lines"": [809, 824, 825]}, {""file"": ""assets/js/reader/render.js"", ""lines"": [1010]}, {""file"": ""assets/app.js"", ""lines"": [253, 726, 727]}]",False,False
,F034,06 插入图片、表格、公式和高级块,diagram-modal,"[""diagram-modal""]",button,diagram-cancel,取消,点击执行所属流程；禁用/隐藏时不执行,插入前端；渲染路径详见第07层和 api.md,"{""id"": ""diagram-cancel"", ""class"": ""tb-btn"", ""data-i18n"": ""dialog.cancel""}",[],assets/index.html,1593,"[{""file"": ""assets/app.js"", ""lines"": [250, 721]}]",False,False
,F034,06 插入图片、表格、公式和高级块,diagram-modal,"[""diagram-modal""]",button,diagram-insert,插入,点击执行所属流程；禁用/隐藏时不执行,插入前端；渲染路径详见第07层和 api.md,"{""id"": ""diagram-insert"", ""class"": ""tb-btn accent"", ""data-i18n"": ""editor.insert""}",[],assets/index.html,1594,"[{""file"": ""assets/app.js"", ""lines"": [251, 722]}]",False,False
,F035,06 插入图片、表格、公式和高级块,doc-import-modal,"[""doc-import-modal""]",button,doc-import-modal-close,关闭,点击执行所属流程；禁用/隐藏时不执行,/api/import/process → import_processor.rs；读文件并按引用模式展开,"{""id"": ""doc-import-modal-close"", ""class"": ""modal-close"", ""aria-label"": ""关闭"", ""data-i18n-aria"": ""toolbar.close""}",[],assets/index.html,1605,"[{""file"": ""assets/app.js"", ""lines"": [261, 733]}]",False,False
,F035,06 插入图片、表格、公式和高级块,doc-import-modal,"[""doc-import-modal""]",input,doc-import-path,chapter1.md 或 ./subdocs/appendix.md,点击聚焦并编辑；提交/Enter与验证由所属流程规定,/api/import/process → import_processor.rs；读文件并按引用模式展开,"{""id"": ""doc-import-path"", ""type"": ""text"", ""class"": ""modal-input doc-import-path-input"", ""placeholder"": ""chapter1.md 或 ./subdocs/appendix.md"", ""data-i18n-placeholder"": ""subdoc.pathPlaceholder""}",[],assets/index.html,1612,"[{""file"": ""assets/js/editor/editor.js"", ""lines"": [841, 850, 854, 900]}]",False,False
,F035,06 插入图片、表格、公式和高级块,doc-import-modal,"[""doc-import-modal""]",button,doc-import-browse,浏览…,点击执行所属流程；禁用/隐藏时不执行,/api/import/process → import_processor.rs；读文件并按引用模式展开,"{""id"": ""doc-import-browse"", ""type"": ""button"", ""class"": ""tb-btn"", ""data-i18n"": ""editor.browseFile""}",[],assets/index.html,1613,"[{""file"": ""assets/app.js"", ""lines"": [264]}]",False,False
,F035,06 插入图片、表格、公式和高级块,doc-import-modal,"[""doc-import-modal""]",select,doc-import-mode,引用模式：,选择值触发change；完整值/显示文案见本行选项,/api/import/process → import_processor.rs；读文件并按引用模式展开,"{""id"": ""doc-import-mode"", ""class"": ""modal-select""}","[{""value"": ""markdown"", ""text"": ""Markdown (递归解析渲染)""}, {""value"": ""code"", ""text"": ""Code (作为高亮代码块嵌入)""}, {""value"": ""html"", ""text"": ""HTML (原样 HTML 包含)""}]",assets/index.html,1619,"[{""file"": ""assets/js/editor/editor.js"", ""lines"": [851]}]",False,False
,F035,06 插入图片、表格、公式和高级块,doc-import-modal,"[""doc-import-modal""]",input,doc-import-lines,例如: 10-50,点击聚焦并编辑；提交/Enter与验证由所属流程规定,/api/import/process → import_processor.rs；读文件并按引用模式展开,"{""id"": ""doc-import-lines"", ""type"": ""text"", ""class"": ""modal-input"", ""placeholder"": ""例如: 10-50"", ""data-i18n-placeholder"": ""subdoc.linesPlaceholder""}",[],assets/index.html,1627,"[{""file"": ""assets/js/editor/editor.js"", ""lines"": [852, 859]}]",False,False
,F035,06 插入图片、表格、公式和高级块,doc-import-modal,"[""doc-import-modal""]",button,doc-import-cancel,取消,点击执行所属流程；禁用/隐藏时不执行,/api/import/process → import_processor.rs；读文件并按引用模式展开,"{""id"": ""doc-import-cancel"", ""class"": ""tb-btn"", ""data-i18n"": ""dialog.cancel""}",[],assets/index.html,1631,"[{""file"": ""assets/app.js"", ""lines"": [262, 734]}]",False,False
,F035,06 插入图片、表格、公式和高级块,doc-import-modal,"[""doc-import-modal""]",button,doc-import-insert,插入,点击执行所属流程；禁用/隐藏时不执行,/api/import/process → import_processor.rs；读文件并按引用模式展开,"{""id"": ""doc-import-insert"", ""class"": ""tb-btn accent"", ""data-i18n"": ""editor.insert""}",[],assets/index.html,1632,"[{""file"": ""assets/app.js"", ""lines"": [263, 735]}]",False,False
,F036,06 插入图片、表格、公式和高级块,frontmatter-modal,"[""frontmatter-modal""]",button,frontmatter-modal-close,关闭,点击执行所属流程；禁用/隐藏时不执行,编辑器源码修改；读取/演示编译在后端解析 frontmatter,"{""id"": ""frontmatter-modal-close"", ""class"": ""modal-close"", ""aria-label"": ""关闭"", ""data-i18n-aria"": ""toolbar.close""}",[],assets/index.html,1643,"[{""file"": ""assets/app.js"", ""lines"": [739]}]",False,False
,F036,06 插入图片、表格、公式和高级块,frontmatter-modal,"[""frontmatter-modal""]",input,fm-input-title,我的演说 / 文档标题,点击聚焦并编辑；提交/Enter与验证由所属流程规定,编辑器源码修改；读取/演示编译在后端解析 frontmatter,"{""id"": ""fm-input-title"", ""type"": ""text"", ""class"": ""modal-input"", ""placeholder"": ""我的演说 / 报告文档"", ""data-i18n-placeholder"": ""presentation.titlePlaceholder""}",[],assets/index.html,1649,"[{""file"": ""assets/js/editor/editor.js"", ""lines"": [1010, 1021]}]",False,False
,F036,06 插入图片、表格、公式和高级块,frontmatter-modal,"[""frontmatter-modal""]",input,fm-input-author,作者 / 演讲者：,点击聚焦并编辑；提交/Enter与验证由所属流程规定,编辑器源码修改；读取/演示编译在后端解析 frontmatter,"{""id"": ""fm-input-author"", ""type"": ""text"", ""class"": ""modal-input"", ""placeholder"": ""ReadMD User""}",[],assets/index.html,1653,"[{""file"": ""assets/js/editor/editor.js"", ""lines"": [1022]}]",False,False
,F036,06 插入图片、表格、公式和高级块,frontmatter-modal,"[""frontmatter-modal""]",select,fm-select-theme,Reveal.js 演示主题：,选择值触发change；完整值/显示文案见本行选项,编辑器源码修改；读取/演示编译在后端解析 frontmatter,"{""id"": ""fm-select-theme"", ""class"": ""modal-select""}","[{""value"": ""black"", ""text"": ""Black (现代深色 / 默认)""}, {""value"": ""white"", ""text"": ""White (明亮纯白)""}, {""value"": ""league"", ""text"": ""League (几何现代灰)""}, {""value"": ""beige"", ""text"": ""Beige (复古暖米色)""}, {""value"": ""night"", ""text"": ""Night (暗夜高对比)""}, {""value"": ""serif"", ""text"": ""Serif (优雅衬线文学)""}, {""value"": ""simple"", ""text"": ""Simple (极简清爽)""}, {""value"": ""solarized"", ""text"": ""Solarized (程序员经典太阳色)""}, {""value"": ""blood"", ""text"": ""Blood (深红暗黑风格)""}, {""value"": ""moon"", ""text"": ""Moon (蓝调月夜)""}]",assets/index.html,1658,"[{""file"": ""assets/js/editor/editor.js"", ""lines"": [1023]}]",False,False
,F036,06 插入图片、表格、公式和高级块,frontmatter-modal,"[""frontmatter-modal""]",select,fm-select-transition,幻灯片切页动效：,选择值触发change；完整值/显示文案见本行选项,编辑器源码修改；读取/演示编译在后端解析 frontmatter,"{""id"": ""fm-select-transition"", ""class"": ""modal-select""}","[{""value"": ""slide"", ""text"": ""Slide (平滑滑动 / 默认)""}, {""value"": ""fade"", ""text"": ""Fade (淡入淡出)""}, {""value"": ""convex"", ""text"": ""Convex (凸面翻转)""}, {""value"": ""concave"", ""text"": ""Concave (凹面翻转)""}, {""value"": ""zoom"", ""text"": ""Zoom (缩放进出)""}, {""value"": ""none"", ""text"": ""None (无动画)""}]",assets/index.html,1673,"[{""file"": ""assets/js/editor/editor.js"", ""lines"": [1024]}]",False,False
,F036,06 插入图片、表格、公式和高级块,frontmatter-modal,"[""frontmatter-modal""]",button,fm-modal-cancel,取消,点击执行所属流程；禁用/隐藏时不执行,编辑器源码修改；读取/演示编译在后端解析 frontmatter,"{""id"": ""fm-modal-cancel"", ""class"": ""tb-btn"", ""data-i18n"": ""dialog.cancel""}",[],assets/index.html,1684,"[{""file"": ""assets/app.js"", ""lines"": [740]}]",False,False
,F036,06 插入图片、表格、公式和高级块,frontmatter-modal,"[""frontmatter-modal""]",button,fm-modal-insert,插入,点击执行所属流程；禁用/隐藏时不执行,编辑器源码修改；读取/演示编译在后端解析 frontmatter,"{""id"": ""fm-modal-insert"", ""class"": ""tb-btn accent"", ""data-i18n"": ""editor.insert""}",[],assets/index.html,1685,"[{""file"": ""assets/app.js"", ""lines"": [741]}]",False,False
,F104,21 命令面板、快捷键和通用对话框,app-titlebar,"[""app-titlebar"", ""window-controls""]",button,window-minimize,最小化,点击执行所属流程；禁用/隐藏时不执行,main.rs Wry/Tao Window IPC 与 CloseRequested；native_tray.rs Shell_NotifyIcon/TaskbarCreated/重试；server.rs 外部打开立即唤醒；settings.json closeToTray；恢复与保存 API；仅同源阅读器可调用宿主 IPC。,"{""id"": ""window-minimize"", ""type"": ""button"", ""data-i18n-aria"": ""window.minimize""}",[],assets/index.html,28,"[{""file"": ""assets/js/shell/shell.js"", ""lines"": [129]}]",False,False
,F104,21 命令面板、快捷键和通用对话框,app-titlebar,"[""app-titlebar"", ""window-controls""]",button,window-maximize,最大化/还原,点击执行所属流程；禁用/隐藏时不执行,main.rs Wry/Tao Window IPC 与 CloseRequested；native_tray.rs Shell_NotifyIcon/TaskbarCreated/重试；server.rs 外部打开立即唤醒；settings.json closeToTray；恢复与保存 API；仅同源阅读器可调用宿主 IPC。,"{""id"": ""window-maximize"", ""type"": ""button"", ""data-i18n-aria"": ""window.maximize""}",[],assets/index.html,29,"[{""file"": ""assets/js/shell/shell.js"", ""lines"": [130, 153, 155]}]",False,False
,F104,21 命令面板、快捷键和通用对话框,app-titlebar,"[""app-titlebar"", ""window-controls""]",button,window-close,关闭/收起到托盘,点击执行所属流程；禁用/隐藏时不执行,main.rs Wry/Tao Window IPC 与 CloseRequested；native_tray.rs Shell_NotifyIcon/TaskbarCreated/重试；server.rs 外部打开立即唤醒；settings.json closeToTray；恢复与保存 API；仅同源阅读器可调用宿主 IPC。,"{""id"": ""window-close"", ""type"": ""button"", ""data-i18n-aria"": ""window.close""}",[],assets/index.html,30,"[{""file"": ""assets/js/shell/shell.js"", ""lines"": [131, 160]}]",False,False
,F104,21 命令面板、快捷键和通用对话框,toolbar,"[""toolbar"", ""more-menu""]",button,btn-close-to-tray,关闭时驻留托盘,点击执行所属流程；禁用/隐藏时不执行,main.rs Wry/Tao Window IPC 与 CloseRequested；native_tray.rs Shell_NotifyIcon/TaskbarCreated/重试；server.rs 外部打开立即唤醒；settings.json closeToTray；恢复与保存 API；仅同源阅读器可调用宿主 IPC。,"{""id"": ""btn-close-to-tray"", ""class"": ""more-item hidden"", ""role"": ""menuitemcheckbox"", ""aria-checked"": ""true""}",[],assets/index.html,124,"[{""file"": ""assets/js/shell/shell.js"", ""lines"": [96, 127, 133, 161]}]",True,False
,F104,21 命令面板、快捷键和通用对话框,toolbar,"[""toolbar"", ""more-menu""]",button,btn-app-exit,完全退出 ReadMD,点击执行所属流程；禁用/隐藏时不执行,main.rs Wry/Tao Window IPC 与 CloseRequested；native_tray.rs Shell_NotifyIcon/TaskbarCreated/重试；server.rs 外部打开立即唤醒；settings.json closeToTray；恢复与保存 API；仅同源阅读器可调用宿主 IPC。,"{""id"": ""btn-app-exit"", ""class"": ""more-item hidden"", ""role"": ""menuitem""}",[],assets/index.html,125,"[{""file"": ""assets/js/shell/shell.js"", ""lines"": [128, 132]}]",True,False
,F062,12 插件中心,plugin-modal,"[""plugin-modal"", ""plugin-box""]",input,plugin-search,搜索插件,输入后即时筛选,/api/plugins/list → plugin_manager.rs plugin_manifest/native_support；按实际installed/native标志渲染,"{""id"": ""plugin-search"", ""type"": ""search"", ""data-i18n-placeholder"": ""plugin.search"", ""data-i18n-aria"": ""plugin.search"", ""placeholder"": ""搜索插件与功能"", ""autocomplete"": ""off""}",[],assets/index.html,1333,"[{""file"": ""assets/js/features/convert.js"", ""lines"": [282, 419]}]",False,False
,F062,12 插件中心,plugin-modal,"[""plugin-modal"", ""plugin-box""]",button,plugin-installed-filter,仅看已安装,点击执行所属流程；禁用/隐藏时不执行,/api/plugins/list → plugin_manager.rs plugin_manifest/native_support；按实际installed/native标志渲染,"{""id"": ""plugin-installed-filter"", ""class"": ""tb-btn"", ""type"": ""button"", ""aria-pressed"": ""false"", ""data-i18n"": ""plugin.installedOnly""}",[],assets/index.html,1334,"[{""file"": ""assets/js/features/convert.js"", ""lines"": [283, 285]}]",False,False
,F062,12 插件中心,plugin-modal,"[""plugin-modal"", ""plugin-box""]",button,plugin-refresh,刷新插件状态,点击执行所属流程；禁用/隐藏时不执行,/api/plugins/list → plugin_manager.rs plugin_manifest/native_support；按实际installed/native标志渲染,"{""id"": ""plugin-refresh"", ""class"": ""tb-btn"", ""type"": ""button"", ""data-i18n"": ""plugin.refresh""}",[],assets/index.html,1335,"[{""file"": ""assets/js/features/convert.js"", ""lines"": [288, 569, 608]}]",False,False
